EAName,EAVersion,Timestamp,Symbol,Signal,SignalType,Quality,Confluence,Momentum,Speed,Acceleration,Entropy,Jerk,PhysicsScore,SpeedSlope,AccelerationSlope,MomentumSlope,ConfluenceSlope,JerkSlope,Zone,Regime,Price,Spread,HighThreshold,LowThreshold,Balance,Equity,OpenPositions,PhysicsPass,RejectReason,Hour,DayOfWeek
TP_Integrated_EA,5.0.0.2_MASTER,2025.10.01 03:55,NAS100,1,BUY,81.00,60.00,45.22,1244.29,3399.60,0.00,104.63,89.76,3069.15,-1924.40,28.34,-10.00,-1043.96,BULL,NORMAL,24615.1,0.00,0.0,0.0,10000.00,10000.00,0,PASS,PASS,3,3
TP_Integrated_EA,5.0.0.2_MASTER,2025.10.01 04:00,NAS100,-1,SELL,81.00,80.00,-137.91,-1988.80,-2016.79,0.00,-1231.41,16.05,1170.90,-2920.38,18.56,0.00,-1030.25,BEAR,NORMAL,24603.4,0.00,0.0,0.0,10000.00,9984.06,1,PASS,PASS,4,3
TP_Integrated_EA,5.0.0.2_MASTER,2025.10.01 05:10,NAS100,-1,SELL,83.67,80.00,-103.50,-1945.89,-1946.41,0.00,-200.05,16.18,-1918.70,-1053.95,-89.20,0.00,-93.40,BEAR,NORMAL,24606.7,0.00,0.0,0.0,9984.06,9976.44,1,PASS,PASS,5,3
TP_Integrated_EA,5.0.0.2_MASTER,2025.10.01 05:30,NAS100,1,BUY,81.00,60.00,28.10,239.30,3507.76,0.00,1041.85,88.74,1049.93,1566.42,39.20,0.00,286.69,BULL,NORMAL,24609.1,0.00,0.0,0.0,9984.06,9974.06,1,PASS,PASS,5,3
TP_Integrated_EA,5.0.0.2_MASTER,2025.10.01 05:35,NAS100,-1,SELL,81.00,80.00,-133.67,-2098.34,-725.32,0.00,-230.90,16.05,763.49,-440.68,26.09,0.00,-368.68,BEAR,NORMAL,24598.2,0.00,0.0,0.0,9974.06,9958.91,1,PASS,PASS,5,3
TP_Integrated_EA,5.0.0.2_MASTER,2025.10.01 09:20,NAS100,-1,SELL,89.00,80.00,-178.33,-5019.82,-2127.60,0.00,-344.86,16.45,-1525.39,-631.08,-25.33,0.00,-2.09,BEAR,NORMAL,24561.2,0.00,0.0,0.0,9958.91,9991.68,1,PASS,PASS,9,3
TP_Integrated_EA,5.0.0.2_MASTER,2025.10.01 09:45,NAS100,-1,SELL,86.33,80.00,-172.32,-10407.25,-2201.67,0.00,-216.04,16.32,-750.65,-1690.55,0.55,20.00,-663.92,BEAR,NORMAL,24538.3,0.00,0.0,0.0,9958.91,10014.35,1,PASS,PASS,9,3
TP_Integrated_EA,5.0.0.2_MASTER,2025.10.01 12:15,NAS100,1,BUY,81.00,80.00,269.62,7788.70,564.71,0.00,373.74,96.05,56.31,2839.20,-1.55,0.00,998.12,BULL,NORMAL,24544.4,0.00,0.0,0.0,10057.91,10057.91,0,PASS,PASS,12,3
TP_Integrated_EA,5.0.0.2_MASTER,2025.10.01 12:30,NAS100,1,BUY,86.33,80.00,381.47,10763.51,662.26,0.00,17.04,90.09,1055.07,-424.56,44.03,10.00,-326.11,BULL,NORMAL,24567.4,0.00,0.0,0.0,10057.91,10077.01,1,PASS,PASS,12,3
TP_Integrated_EA,5.0.0.2_MASTER,2025.10.01 14:35,NAS100,1,BUY,86.33,80.00,275.66,11554.06,604.30,0.00,-306.38,81.32,57.46,-1208.41,-31.38,0.00,-163.32,BULL,NORMAL,24594.9,0.00,0.0,0.0,10057.91,10104.51,1,PASS,PASS,14,3
TP_Integrated_EA,5.0.0.2_MASTER,2025.10.01 15:15,NAS100,-1,SELL,81.00,60.00,-50.46,-104.88,-3619.06,0.00,-444.86,19.78,-2556.76,-961.41,-26.97,0.00,-52.69,BEAR,NORMAL,24593.4,0.00,0.0,0.0,10057.91,10103.01,1,PASS,PASS,15,3
TP_Integrated_EA,5.0.0.2_MASTER,2025.10.01 21:00,NAS100,1,BUY,81.00,80.00,187.20,2480.87,2544.64,0.00,1011.36,96.05,135.62,3182.38,4.03,10.00,983.67,BULL,LOW,24789.9,0.00,0.0,0.0,10002.01,10002.01,0,PASS,PASS,21,3
TP_Integrated_EA,5.0.0.2_MASTER,2025.10.01 21:45,NAS100,1,BUY,78.33,80.00,210.56,6726.02,390.45,0.00,306.14,95.92,-680.84,760.00,-28.96,0.00,349.67,BULL,NORMAL,24832.2,0.00,0.0,0.0,10002.01,10040.91,1,PASS,PASS,21,3
TP_Integrated_EA,5.0.0.2_MASTER,2025.10.01 22:05,NAS100,1,BUY,83.67,80.00,263.94,4459.98,345.13,0.00,322.65,96.18,-585.50,938.38,17.61,20.00,366.41,BULL,NORMAL,24840.9,0.00,0.0,0.0,10002.01,10049.61,1,PASS,PASS,22,3
TP_Integrated_EA,5.0.0.2_MASTER,2025.10.02 01:01,NAS100,1,BUY,81.00,100.00,215.83,462.42,307.87,0.00,111.66,99.05,-925.92,-1025.21,-58.72,-10.00,-144.28,BULL,NORMAL,24817.8,0.00,0.0,0.0,10002.01,10022.16,1,PASS,PASS,1,4
TP_Integrated_EA,5.0.0.2_MASTER,2025.10.02 02:55,NAS100,1,BUY,78.33,60.00,22.50,1102.82,1913.87,0.00,551.30,88.27,690.34,3158.71,-16.79,-10.00,967.88,BULL,LOW,24831.3,0.00,0.0,0.0,10002.01,10035.66,1,PASS,PASS,2,4
TP_Integrated_EA,5.0.0.2_MASTER,2025.10.02 03:50,NAS100,1,BUY,91.67,80.00,180.20,6472.78,250.29,0.00,151.62,96.58,-561.65,1471.43,15.48,10.00,666.00,BULL,NORMAL,24865.3,0.00,0.0,0.0,10002.01,10069.66,1,PASS,PASS,3,4
TP_Integrated_EA,5.0.0.2_MASTER,2025.10.02 04:20,NAS100,1,BUY,89.00,80.00,181.93,7042.67,2647.43,0.00,865.09,96.45,-111.59,874.12,17.61,0.00,293.11,BULL,NORMAL,24879.9,0.00,0.0,0.0,10002.01,10084.26,1,PASS,PASS,4,4
TP_Integrated_EA,5.0.0.2_MASTER,2025.10.02 04:55,NAS100,1,BUY,78.33,80.00,150.36,4286.13,3362.57,0.00,1076.05,95.92,479.82,1876.95,27.47,20.00,495.61,BULL,NORMAL,24885.5,0.00,0.0,0.0,10002.01,10089.86,1,PASS,PASS,4,4
TP_Integrated_EA,5.0.0.2_MASTER,2025.10.02 07:25,NAS100,-1,SELL,81.00,60.00,-21.58,-2157.78,-6684.57,0.00,-1699.03,17.76,-2326.24,-2507.67,-36.93,-10.00,-440.70,BEAR,NORMAL,24864.4,0.00,0.0,0.0,10002.01,10068.76,1,PASS,PASS,7,4
TP_Integrated_EA,5.0.0.2_MASTER,2025.10.02 07:45,NAS100,1,BUY,86.33,80.00,46.82,271.75,413.07,0.00,143.43,93.13,958.16,2583.17,26.87,-20.00,683.39,BULL,NORMAL,24874.6,0.00,0.0,0.0,10068.76,10054.16,1,PASS,PASS,7,4
TP_Integrated_EA,5.0.0.2_MASTER,2025.10.02 08:30,NAS100,-1,SELL,86.33,60.00,-26.65,-482.13,-1072.37,0.00,-24.54,23.38,-1440.66,-391.39,-26.53,10.00,67.15,BEAR,NORMAL,24877.9,0.00,0.0,0.0,10054.16,10053.06,1,PASS,PASS,8,4
TP_Integrated_EA,5.0.0.2_MASTER,2025.10.02 08:40,NAS100,1,BUY,81.00,60.00,32.21,384.39,769.99,0.00,392.11,88.98,-165.51,943.68,-55.83,-10.00,300.65,BULL,NORMAL,24879.6,0.00,0.0,0.0,10053.06,10047.46,1,PASS,PASS,8,4
TP_Integrated_EA,5.0.0.2_MASTER,2025.10.02 08:55,NAS100,1,BUY,83.67,80.00,128.10,2301.60,1505.83,0.00,326.86,96.18,617.96,748.97,35.95,10.00,159.02,BULL,NORMAL,24886.1,0.00,0.0,0.0,10047.46,10050.06,1,PASS,PASS,8,4
TP_Integrated_EA,5.0.0.2_MASTER,2025.10.02 13:40,NAS100,1,BUY,81.00,80.00,201.13,4599.52,1127.36,0.00,213.27,96.05,381.98,1727.63,21.53,10.00,617.72,BULL,NORMAL,24929.6,0.00,0.0,0.0,10047.46,10093.56,1,PASS,PASS,13,4
TP_Integrated_EA,5.0.0.2_MASTER,2025.10.02 18:55,NAS100,1,BUY,86.33,80.00,377.46,5116.10,5864.92,0.00,1233.62,96.32,1677.36,4095.18,318.38,0.00,1319.27,BULL,HIGH,24875.3,0.00,0.0,0.0,10147.46,10147.46,0,PASS,PASS,18,4
TP_Integrated_EA,5.0.0.2_MASTER,2025.10.02 19:45,NAS100,-1,SELL,78.33,80.00,-291.10,-1624.50,-1815.99,0.00,-144.84,15.92,-1225.12,-1023.92,-172.54,10.00,-290.97,BEAR,NORMAL,24862.3,0.00,0.0,0.0,10147.46,10130.90,1,PASS,PASS,19,4
TP_Integrated_EA,5.0.0.2_MASTER,2025.10.02 19:55,NAS100,1,BUY,75.67,80.00,191.14,1977.22,2806.34,0.00,879.79,95.78,298.60,2338.94,43.00,0.00,728.35,BULL,NORMAL,24889.8,0.00,0.0,0.0,10130.90,10099.69,1,PASS,PASS,19,4
TP_Integrated_EA,5.0.0.2_MASTER,2025.10.02 20:35,NAS100,1,BUY,75.67,80.00,392.56,5646.15,1272.41,0.00,174.57,95.78,359.73,-2026.36,-8.76,-10.00,-768.05,BULL,NORMAL,24900.8,0.00,0.0,0.0,10099.69,10107.29,1,PASS,PASS,20,4
TP_Integrated_EA,5.0.0.2_MASTER,2025.10.02 20:45,NAS100,1,BUY,81.00,80.00,335.94,4970.05,146.95,0.00,-42.05,81.68,27.72,-308.83,-22.92,0.00,-50.07,BULL,NORMAL,24907.6,0.00,0.0,0.0,10099.69,10114.09,1,PASS,PASS,20,4
TP_Integrated_EA,5.0.0.2_MASTER,2025.10.02 21:00,NAS100,-1,SELL,75.67,60.00,-59.63,-150.22,-3218.95,0.00,-659.27,15.21,-1106.35,-442.05,-43.19,0.00,-15.77,BEAR,NORMAL,24894.3,0.00,0.0,0.0,10099.69,10100.79,1,PASS,PASS,21,4
TP_Integrated_EA,5.0.0.2_MASTER,2025.10.02 23:10,NAS100,1,BUY,75.67,80.00,149.79,2414.40,3436.97,0.00,869.99,95.78,1159.93,291.25,91.08,0.00,-136.32,BULL,LOW,24931.1,0.00,0.0,0.0,10100.79,10060.19,1,PASS,PASS,23,4
TP_Integrated_EA,5.0.0.2_MASTER,2025.10.02 23:30,NAS100,-1,SELL,78.33,80.00,-104.93,-888.59,-1147.27,0.00,-177.15,15.92,-1309.21,-1599.79,-110.40,-20.00,-338.91,BEAR,LOW,24923.6,0.00,0.0,0.0,10060.19,10049.29,1,PASS,PASS,23,4
TP_Integrated_EA,5.0.0.2_MASTER,2025.10.03 01:01,NAS100,-1,SELL,81.00,100.00,-183.70,-1899.23,-574.46,0.00,-357.79,19.05,1700.33,1710.64,60.03,-10.00,300.81,BEAR,NORMAL,24908.0,0.00,0.0,0.0,10049.29,10063.21,1,PASS,PASS,1,5
TP_Integrated_EA,5.0.0.2_MASTER,2025.10.03 01:10,NAS100,-1,SELL,78.33,80.00,-142.41,-1375.09,-691.48,0.00,-357.50,15.92,300.10,-1328.91,26.54,0.00,-507.95,BEAR,NORMAL,24913.4,0.00,0.0,0.0,10049.29,10056.81,1,PASS,PASS,1,5
TP_Integrated_EA,5.0.0.2_MASTER,2025.10.03 01:25,NAS100,-1,SELL,83.67,80.00,-217.78,-3065.66,-878.93,0.00,-152.02,16.18,-747.31,-340.89,-38.71,10.00,6.47,BEAR,LOW,24906.7,0.00,0.0,0.0,10049.29,10063.51,1,PASS,PASS,1,5
TP_Integrated_EA,5.0.0.2_MASTER,2025.10.03 01:55,NAS100,1,BUY,78.33,80.00,72.53,4935.97,4736.91,0.00,499.64,94.27,4158.01,2263.45,80.32,0.00,204.75,BULL,LOW,24914.7,0.00,0.0,0.0,10049.29,10055.51,1,PASS,PASS,1,5
TP_Integrated_EA,5.0.0.2_MASTER,2025.10.03 02:15,NAS100,1,BUY,86.33,80.00,172.91,5789.82,1277.66,0.00,-62.37,84.14,525.06,1461.52,45.96,20.00,695.50,BULL,NORMAL,24925.7,0.00,0.0,0.0,10055.51,10062.11,1,PASS,PASS,2,5
TP_Integrated_EA,5.0.0.2_MASTER,2025.10.03 02:35,NAS100,1,BUY,86.33,80.00,153.45,5942.31,197.03,0.00,-55.52,84.44,-269.00,-2123.49,-12.03,-10.00,-648.56,BULL,NORMAL,24928.9,0.00,0.0,0.0,10055.51,10065.31,1,PASS,PASS,2,5
TP_Integrated_EA,5.0.0.2_MASTER,2025.10.03 04:15,NAS100,-1,SELL,83.67,80.00,-57.51,-444.20,-715.29,0.00,520.47,33.73,-2354.49,109.28,-36.53,-30.00,255.67,BEAR,NORMAL,24953.4,0.00,0.0,0.0,10055.51,10089.81,1,PASS,PASS,4,5
TP_Integrated_EA,5.0.0.2_MASTER,2025.10.03 04:25,NAS100,-1,SELL,89.00,80.00,-130.69,-389.55,-285.52,0.00,308.53,31.45,-112.35,1863.94,-53.72,30.00,511.26,BEAR,NORMAL,24952.4,0.00,0.0,0.0,10089.81,10086.41,1,PASS,PASS,4,5
TP_Integrated_EA,5.0.0.2_MASTER,2025.10.03 04:35,NAS100,1,BUY,86.33,80.00,67.48,683.28,470.86,0.00,255.95,94.37,290.59,549.22,36.50,-10.00,31.60,BULL,NORMAL,24956.9,0.00,0.0,0.0,10089.81,10083.21,1,PASS,PASS,4,5
TP_Integrated_EA,5.0.0.2_MASTER,2025.10.03 05:15,NAS100,-1,SELL,86.33,60.00,-35.30,-1879.62,-2935.73,0.00,-317.95,17.20,-2497.60,-238.20,-42.73,-20.00,284.70,BEAR,NORMAL,24961.2,0.00,0.0,0.0,10083.21,10084.41,1,PASS,PASS,5,5
TP_Integrated_EA,5.0.0.2_MASTER,2025.10.03 05:30,NAS100,1,BUY,86.33,80.00,92.42,1202.59,1624.17,0.00,567.30,95.86,705.94,1912.32,41.25,20.00,463.07,BULL,NORMAL,24966.4,0.00,0.0,0.0,10084.41,10074.81,1,PASS,PASS,5,5
TP_Integrated_EA,5.0.0.2_MASTER,2025.10.03 07:35,NAS100,1,BUY,81.00,80.00,39.17,1058.90,1654.06,0.00,776.24,92.40,-647.64,1567.89,-18.53,-10.00,563.18,BULL,NORMAL,24982.2,0.00,0.0,0.0,10074.81,10086.21,1,PASS,PASS,7,5
TP_Integrated_EA,5.0.0.2_MASTER,2025.10.03 08:30,NAS100,1,BUY,81.00,80.00,122.02,5900.11,397.66,0.00,-99.56,81.08,577.89,30.32,7.31,10.00,7.06,BULL,NORMAL,24997.8,0.00,0.0,0.0,10074.81,10101.81,1,PASS,PASS,8,5
TP_Integrated_EA,5.0.0.2_MASTER,2025.10.03 09:25,NAS100,1,BUY,86.33,80.00,84.40,2119.02,3078.49,0.00,310.86,95.38,3841.30,2774.39,44.14,-10.00,327.89,BULL,NORMAL,24989.4,0.00,0.0,0.0,10074.81,10093.41,1,PASS,PASS,9,5
TP_Integrated_EA,5.0.0.2_MASTER,2025.10.03 11:20,NAS100,-1,SELL,83.67,80.00,-65.28,-912.13,-1080.00,0.00,-246.22,18.27,-441.06,-898.07,-48.28,-10.00,-237.71,BEAR,NORMAL,24986.9,0.00,0.0,0.0,10074.81,10090.91,1,PASS,PASS,11,5
TP_Integrated_EA,5.0.0.2_MASTER,2025.10.03 14:00,NAS100,-1,SELL,81.00,80.00,-108.84,-5355.98,-634.03,0.00,-283.26,16.05,1542.96,1115.37,27.47,10.00,53.83,BEAR,NORMAL,24971.4,0.00,0.0,0.0,10090.91,10102.51,1,PASS,PASS,14,5
TP_Integrated_EA,5.0.0.2_MASTER,2025.10.03 14:25,NAS100,-1,SELL,83.67,80.00,-210.15,-7629.51,-1859.13,0.00,-401.75,16.18,-491.57,-54.86,-30.86,10.00,51.60,BEAR,NORMAL,24959.4,0.00,0.0,0.0,10090.91,10114.51,1,PASS,PASS,14,5
TP_Integrated_EA,5.0.0.2_MASTER,2025.10.03 14:35,NAS100,-1,SELL,89.00,100.00,-240.35,-9584.15,-503.17,0.00,220.00,34.45,-1418.01,-311.20,-18.75,0.00,39.56,BEAR,NORMAL,24947.4,0.00,0.0,0.0,10090.91,10126.51,1,PASS,PASS,14,5
TP_Integrated_EA,5.0.0.2_MASTER,2025.10.03 16:20,NAS100,1,BUY,78.33,100.00,121.99,1327.77,1819.78,0.00,72.95,96.89,828.77,-1533.48,126.97,-10.00,-574.56,BULL,NORMAL,24936.9,0.00,0.0,0.0,10090.91,10137.01,1,PASS,PASS,16,5
TP_Integrated_EA,5.0.0.2_MASTER,2025.10.03 16:30,NAS100,1,BUY,86.33,80.00,253.15,2988.97,1866.19,0.00,148.52,96.32,815.52,-678.18,103.81,10.00,-227.65,BULL,NORMAL,24943.9,0.00,0.0,0.0,10137.01,10140.14,1,PASS,PASS,16,5
TP_Integrated_EA,5.0.0.2_MASTER,2025.10.03 17:00,NAS100,-1,SELL,83.67,80.00,-418.31,-4724.16,-3876.89,0.00,-238.55,16.18,-4585.09,-5448.41,-314.33,-10.00,-1307.36,BEAR,HIGH,24916.9,0.00,0.0,0.0,10137.01,10112.87,1,PASS,PASS,17,5
TP_Integrated_EA,5.0.0.2_MASTER,2025.10.03 17:40,NAS100,1,BUY,81.00,80.00,465.83,2409.33,3883.67,0.00,158.99,96.05,3653.55,-280.55,170.15,-20.00,-565.51,BULL,HIGH,24917.9,0.00,0.0,0.0,10112.87,10108.43,1,PASS,PASS,17,5
TP_Integrated_EA,5.0.0.2_MASTER,2025.10.03 18:45,NAS100,-1,SELL,81.00,60.00,-59.45,-1870.24,-2652.76,0.00,-201.79,15.48,-2919.96,-1604.16,-317.18,0.00,-142.79,BEAR,NORMAL,24929.9,0.00,0.0,0.0,10108.43,10117.12,1,PASS,PASS,18,5
TP_Integrated_EA,5.0.0.2_MASTER,2025.10.03 20:05,NAS100,-1,SELL,81.00,80.00,-422.23,-17115.27,-7071.33,0.00,-967.78,16.05,-2564.02,-3365.29,-0.11,10.00,-1116.21,BEAR,NORMAL,24863.7,0.00,0.0,0.0,10117.12,10180.55,1,PASS,PASS,20,5
TP_Integrated_EA,5.0.0.2_MASTER,2025.10.03 20:30,NAS100,-1,SELL,83.67,80.00,-529.13,-17299.50,-2270.14,0.00,-398.74,16.18,1520.39,2740.73,58.70,0.00,557.48,BEAR,NORMAL,24839.4,0.00,0.0,0.0,10117.12,10205.09,1,PASS,PASS,20,5
TP_Integrated_EA,5.0.0.2_MASTER,2025.10.03 20:50,NAS100,-1,SELL,91.67,80.00,-560.05,-14585.33,-2885.52,0.00,-927.86,16.58,-64.42,-3068.29,-62.23,20.00,-1104.32,BEAR,NORMAL,24798.9,0.00,0.0,0.0,10218.12,10218.12,0,PASS,PASS,20,5
TP_Integrated_EA,5.0.0.2_MASTER,2025.10.03 21:20,NAS100,1,BUY,83.67,60.00,322.26,1064.90,10402.39,0.00,1621.74,93.18,6993.12,2810.65,197.23,10.00,38.78,BULL,HIGH,24817.2,0.00,0.0,0.0,10218.12,10195.99,1,PASS,PASS,21,5
TP_Integrated_EA,5.0.0.2_MASTER,2025.10.03 21:50,NAS100,-1,SELL,83.67,80.00,-285.76,-2731.56,-3397.13,0.00,-536.57,16.18,-4063.00,-2610.57,-444.09,0.00,-68.43,BEAR,NORMAL,24795.7,0.00,0.0,0.0,10195.99,10170.84,1,PASS,PASS,21,5
TP_Integrated_EA,5.0.0.2_MASTER,2025.10.03 23:45,NAS100,1,BUY,81.00,80.00,173.20,505.01,576.68,0.00,-294.49,81.05,1282.14,-92.01,90.89,10.00,-105.12,BULL,LOW,24796.9,0.00,0.0,0.0,10170.84,10166.19,1,PASS,PASS,23,5
TP_Integrated_EA,5.0.0.2_MASTER,2025.10.03 23:50,NAS100,-1,SELL,81.00,80.00,-191.38,-719.97,-639.34,0.00,-456.13,16.05,405.64,-1348.45,-0.90,20.00,-434.07,BEAR,LOW,24790.7,0.00,0.0,0.0,10166.19,10156.49,1,PASS,PASS,23,5
TP_Integrated_EA,5.0.0.2_MASTER,2025.10.06 04:35,NAS100,1,BUY,81.00,80.00,177.01,2767.78,1461.79,0.00,263.19,96.05,506.94,1066.08,27.28,20.00,356.03,BULL,LOW,24890.8,0.00,0.0,0.0,10060.70,10060.70,0,PASS,PASS,4,1
TP_Integrated_EA,5.0.0.2_MASTER,2025.10.06 05:45,NAS100,1,BUY,81.00,80.00,74.20,1895.91,467.92,0.00,270.46,94.50,-402.28,208.27,-17.99,-10.00,113.56,BULL,LOW,24899.6,0.00,0.0,0.0,10060.70,10065.10,1,PASS,PASS,5,1
TP_Integrated_EA,5.0.0.2_MASTER,2025.10.06 08:10,NAS100,-1,SELL,81.00,100.00,-99.37,-1853.74,-2135.66,0.00,-100.46,19.09,-2176.85,-615.88,-53.78,10.00,40.27,BEAR,NORMAL,24913.8,0.00,0.0,0.0,10060.70,10079.30,1,PASS,PASS,8,1
TP_Integrated_EA,5.0.0.2_MASTER,2025.10.06 10:20,NAS100,1,BUY,78.33,60.00,9.36,180.55,1069.26,0.00,621.25,87.48,-607.87,1458.97,-79.77,20.00,528.27,BULL,NORMAL,24917.3,0.00,0.0,0.0,10079.30,10071.90,1,PASS,PASS,10,1
TP_Integrated_EA,5.0.0.2_MASTER,2025.10.06 10:25,NAS100,-1,SELL,86.33,80.00,-167.02,-3096.90,-1826.85,0.00,-121.23,16.32,-770.97,-250.92,-55.98,20.00,-111.20,BEAR,NORMAL,24905.6,0.00,0.0,0.0,10071.90,10056.30,1,PASS,PASS,10,1
TP_Integrated_EA,5.0.0.2_MASTER,2025.10.06 10:50,NAS100,-1,SELL,91.67,80.00,-244.08,-8546.81,-65.80,0.00,395.15,40.98,4.68,2250.50,-26.53,-10.00,624.95,BEAR,NORMAL,24889.8,0.00,0.0,0.0,10056.30,10068.20,1,PASS,PASS,10,1
TP_Integrated_EA,5.0.0.2_MASTER,2025.10.06 11:05,NAS100,1,BUY,83.67,100.00,262.05,4304.75,6166.07,0.00,1020.13,99.18,3532.01,1825.61,149.07,0.00,156.84,BULL,HIGH,24916.6,0.00,0.0,0.0,10056.30,10041.40,1,PASS,PASS,11,1
TP_Integrated_EA,5.0.0.2_MASTER,2025.10.06 11:35,NAS100,1,BUY,81.00,80.00,262.10,3532.60,49.54,0.00,126.54,85.52,-1833.74,-172.79,-76.57,0.00,361.35,BULL,HIGH,24923.8,0.00,0.0,0.0,10041.40,10044.70,1,PASS,PASS,11,1
TP_Integrated_EA,5.0.0.2_MASTER,2025.10.06 13:05,NAS100,1,BUY,83.67,80.00,114.81,4926.98,1272.13,0.00,524.80,96.18,-537.77,33.87,-22.56,0.00,48.55,BULL,NORMAL,24954.8,0.00,0.0,0.0,10041.40,10075.70,1,PASS,PASS,13,1
TP_Integrated_EA,5.0.0.2_MASTER,2025.10.06 14:20,NAS100,-1,SELL,81.00,80.00,-141.26,-2440.59,-2836.53,0.00,141.28,31.05,-4570.37,-1381.37,-87.98,0.00,151.59,BEAR,NORMAL,24964.6,0.00,0.0,0.0,10041.40,10085.50,1,PASS,PASS,14,1
TP_Integrated_EA,5.0.0.2_MASTER,2025.10.06 14:35,NAS100,1,BUY,83.67,60.00,68.70,749.48,2610.42,0.00,996.77,91.31,1444.20,3441.58,31.37,-10.00,791.70,BULL,NORMAL,24974.8,0.00,0.0,0.0,10085.50,10071.40,1,PASS,PASS,14,1
TP_Integrated_EA,5.0.0.2_MASTER,2025.10.06 15:40,NAS100,-1,SELL,86.33,60.00,-74.42,-2363.96,-4355.20,0.00,-97.02,15.08,-4438.91,887.37,-39.38,0.00,830.77,BEAR,NORMAL,25012.7,0.00,0.0,0.0,10071.40,10105.40,1,PASS,PASS,15,1
TP_Integrated_EA,5.0.0.2_MASTER,2025.10.06 16:05,NAS100,-1,SELL,83.67,80.00,-270.89,-5219.32,-153.72,0.00,428.50,34.42,-342.06,-1114.32,-39.31,20.00,-639.80,BEAR,NORMAL,24994.1,0.00,0.0,0.0,10105.40,10120.15,1,PASS,PASS,16,1
TP_Integrated_EA,5.0.0.2_MASTER,2025.10.06 19:15,NAS100,-1,SELL,81.00,60.00,-29.61,-877.03,-4726.95,0.00,-629.74,17.27,-4352.48,-2896.81,-100.53,0.00,-354.22,BEAR,NORMAL,25005.5,0.00,0.0,0.0,10105.40,10109.04,1,PASS,PASS,19,1
TP_Integrated_EA,5.0.0.2_MASTER,2025.10.06 19:50,NAS100,-1,SELL,86.33,80.00,-119.22,-1307.88,-1332.73,0.00,-43.19,20.58,-1502.03,-1555.18,-170.11,0.00,-390.41,BEAR,NORMAL,25007.2,0.00,0.0,0.0,10105.40,10107.32,1,PASS,PASS,19,1
TP_Integrated_EA,5.0.0.2_MASTER,2025.10.06 19:55,NAS100,1,BUY,83.67,80.00,246.52,1098.19,952.31,0.00,397.58,96.18,-441.45,1631.65,-48.26,20.00,631.66,BULL,NORMAL,25021.0,0.00,0.0,0.0,10105.40,10093.38,1,PASS,PASS,19,1
TP_Integrated_EA,5.0.0.2_MASTER,2025.10.07 02:05,NAS100,-1,SELL,89.00,80.00,-248.96,-15366.15,-1826.64,0.00,229.20,31.45,-1182.11,1234.06,-27.38,0.00,299.99,BEAR,NORMAL,24958.3,0.00,0.0,0.0,10093.38,10022.73,1,PASS,PASS,2,2
TP_Integrated_EA,5.0.0.2_MASTER,2025.10.07 02:45,NAS100,1,BUY,86.33,80.00,102.83,828.31,1253.57,0.00,-227.54,81.32,967.59,-433.73,37.52,10.00,-47.57,BULL,NORMAL,24972.3,0.00,0.0,0.0,10022.73,10004.33,1,PASS,PASS,2,2
TP_Integrated_EA,5.0.0.2_MASTER,2025.10.07 03:00,NAS100,-1,SELL,81.00,60.00,-14.62,-1367.94,-2296.89,0.00,-805.47,18.17,-345.05,-1767.81,6.48,0.00,-448.25,BEAR,NORMAL,24963.1,0.00,0.0,0.0,10004.33,9990.73,1,PASS,PASS,3,2
TP_Integrated_EA,5.0.0.2_MASTER,2025.10.07 04:10,NAS100,1,BUY,81.00,80.00,96.96,1492.98,1893.58,0.00,143.26,95.87,1394.20,677.99,68.29,0.00,90.85,BULL,NORMAL,24960.1,0.00,0.0,0.0,9990.73,9989.34,1,PASS,PASS,4,2
TP_Integrated_EA,5.0.0.2_MASTER,2025.10.07 04:50,NAS100,1,BUY,81.00,80.00,173.98,2298.90,258.99,0.00,-58.06,84.20,501.75,-245.01,12.93,0.00,-132.96,BULL,NORMAL,24963.6,0.00,0.0,0.0,9989.34,9988.45,1,PASS,PASS,4,2
TP_Integrated_EA,5.0.0.2_MASTER,2025.10.07 05:30,NAS100,-1,SELL,81.00,60.00,-10.46,-1049.55,-2027.00,0.00,-246.11,18.42,-1368.07,502.87,-35.03,-10.00,366.08,BEAR,NORMAL,24967.6,0.00,0.0,0.0,9989.34,9992.41,1,PASS,PASS,5,2
TP_Integrated_EA,5.0.0.2_MASTER,2025.10.07 05:45,NAS100,-1,SELL,83.67,80.00,-66.42,-531.59,-375.20,0.00,7.16,26.23,518.22,1568.89,-1.57,0.00,401.12,BEAR,NORMAL,24965.6,0.00,0.0,0.0,9992.41,9990.03,1,PASS,PASS,5,2
TP_Integrated_EA,5.0.0.2_MASTER,2025.10.07 05:50,NAS100,1,BUY,83.67,80.00,39.37,60.53,361.17,0.00,170.62,85.09,280.44,-365.82,-2.41,-10.00,-266.26,BULL,NORMAL,24967.0,0.00,0.0,0.0,9992.41,9988.65,1,PASS,PASS,5,2
TP_Integrated_EA,5.0.0.2_MASTER,2025.10.07 06:15,NAS100,1,BUY,83.67,80.00,120.00,3716.54,21.74,0.00,-244.11,68.71,596.91,100.93,12.95,10.00,18.56,BULL,NORMAL,24977.3,0.00,0.0,0.0,9988.65,9994.49,1,PASS,PASS,6,2
TP_Integrated_EA,5.0.0.2_MASTER,2025.10.07 06:45,NAS100,1,BUY,81.00,80.00,70.93,2917.35,62.05,0.00,180.49,84.65,-886.77,1401.60,-24.80,0.00,677.94,BULL,NORMAL,24985.3,0.00,0.0,0.0,9988.65,10002.41,1,PASS,PASS,6,2
TP_Integrated_EA,5.0.0.2_MASTER,2025.10.07 09:20,NAS100,-1,SELL,91.67,80.00,-142.87,-6021.83,-1495.50,0.00,-129.80,16.58,-306.06,-208.73,-15.25,0.00,-185.38,BEAR,NORMAL,24985.8,0.00,0.0,0.0,9988.65,10002.91,1,PASS,PASS,9,2
TP_Integrated_EA,5.0.0.2_MASTER,2025.10.07 09:55,NAS100,1,BUY,83.67,80.00,44.24,127.26,2107.34,0.00,-64.00,78.64,2679.80,-1511.44,11.85,-10.00,-890.86,BULL,NORMAL,24981.3,0.00,0.0,0.0,10002.91,10003.41,1,PASS,PASS,9,2
TP_Integrated_EA,5.0.0.2_MASTER,2025.10.07 10:05,NAS100,-1,SELL,86.33,80.00,-114.01,-3056.91,-2906.82,0.00,-1122.42,16.32,37.51,-2332.38,-4.92,30.00,-671.01,BEAR,NORMAL,24967.8,0.00,0.0,0.0,10003.41,9985.91,1,PASS,PASS,10,2
TP_Integrated_EA,5.0.0.2_MASTER,2025.10.07 14:30,NAS100,1,BUY,86.33,80.00,95.97,1429.26,1221.39,0.00,-0.77,88.52,1305.72,-467.87,77.97,10.00,-356.60,BULL,NORMAL,25004.5,0.00,0.0,0.0,9985.91,9945.52,1,PASS,PASS,14,2
TP_Integrated_EA,5.0.0.2_MASTER,2025.10.07 14:55,NAS100,1,BUY,91.67,80.00,220.44,5187.88,1515.99,0.00,90.70,95.89,918.80,1090.69,32.05,10.00,371.02,BULL,NORMAL,25019.7,0.00,0.0,0.0,9945.52,9956.51,1,PASS,PASS,14,2
TP_Integrated_EA,5.0.0.2_MASTER,2025.10.07 15:40,NAS100,1,BUY,86.33,80.00,217.95,6089.47,91.35,0.00,-31.92,78.82,598.95,-273.18,40.66,10.00,-231.96,BULL,NORMAL,25040.5,0.00,0.0,0.0,9945.52,9977.10,1,PASS,PASS,15,2
TP_Integrated_EA,5.0.0.2_MASTER,2025.10.07 16:40,NAS100,1,BUY,89.00,60.00,78.88,1132.33,2980.81,0.00,1261.93,92.18,1173.07,4492.49,-20.27,0.00,1116.67,BULL,NORMAL,25068.5,0.00,0.0,0.0,9945.52,10004.82,1,PASS,PASS,16,2
TP_Integrated_EA,5.0.0.2_MASTER,2025.10.07 18:40,NAS100,-1,SELL,89.00,80.00,-1511.36,-20300.67,-3253.43,0.00,-877.69,16.45,-1312.88,-6526.06,-314.17,0.00,-2235.64,BEAR,HIGH,24848.3,0.00,0.0,0.0,9846.52,9846.52,0,PASS,PASS,18,2
TP_Integrated_EA,5.0.0.2_MASTER,2025.10.08 04:50,NAS100,-1,SELL,78.33,60.00,-28.26,-51.15,-2811.29,0.00,-316.45,25.46,-1586.27,-304.46,-14.08,0.00,26.06,BEAR,NORMAL,24896.9,0.00,0.0,0.0,9846.52,9796.27,1,PASS,PASS,4,3
TP_Integrated_EA,5.0.0.2_MASTER,2025.10.08 06:00,NAS100,1,BUY,78.33,80.00,156.11,2492.10,2490.42,0.00,844.79,95.92,74.23,1389.42,22.73,10.00,443.63,BULL,NORMAL,24910.7,0.00,0.0,0.0,9846.52,9782.75,1,PASS,PASS,6,3
TP_Integrated_EA,5.0.0.2_MASTER,2025.10.08 06:15,NAS100,-1,SELL,75.67,60.00,-12.22,-497.03,-944.23,0.00,-140.27,18.05,-428.81,-302.62,-36.78,-20.00,-88.13,BEAR,NORMAL,24907.4,0.00,0.0,0.0,9782.75,9775.28,1,PASS,PASS,6,3
TP_Integrated_EA,5.0.0.2_MASTER,2025.10.08 06:20,NAS100,1,BUY,78.33,80.00,64.26,1249.54,1993.92,0.00,682.70,93.77,-227.81,309.24,-53.82,0.00,111.87,BULL,NORMAL,24909.4,0.00,0.0,0.0,9775.28,9769.07,1,PASS,PASS,6,3
TP_Integrated_EA,5.0.0.2_MASTER,2025.10.08 07:05,NAS100,1,BUY,81.00,80.00,160.01,2097.20,432.02,0.00,-11.83,87.66,594.02,286.25,15.19,0.00,24.80,BULL,NORMAL,24914.9,0.00,0.0,0.0,9769.07,9770.14,1,PASS,PASS,7,3
TP_Integrated_EA,5.0.0.2_MASTER,2025.10.08 08:05,NAS100,-1,SELL,75.67,80.00,-115.53,-3844.49,-2071.46,0.00,-307.21,15.78,-960.47,-1300.33,-32.36,10.00,-401.23,BEAR,NORMAL,24900.9,0.00,0.0,0.0,9769.07,9756.56,1,PASS,PASS,8,3
TP_Integrated_EA,5.0.0.2_MASTER,2025.10.08 08:40,NAS100,-1,SELL,83.67,80.00,-102.40,-4968.44,-414.78,0.00,-195.13,16.18,907.70,294.71,30.00,-20.00,-65.24,BEAR,NORMAL,24892.2,0.00,0.0,0.0,9756.56,9761.22,1,PASS,PASS,8,3
TP_Integrated_EA,5.0.0.2_MASTER,2025.10.08 08:55,NAS100,-1,SELL,86.33,80.00,-114.94,-5577.26,-56.53,0.00,38.98,36.78,-113.70,-26.81,-3.65,0.00,12.17,BEAR,NORMAL,24884.7,0.00,0.0,0.0,9756.56,9768.49,1,PASS,PASS,8,3
TP_Integrated_EA,5.0.0.2_MASTER,2025.10.08 09:30,NAS100,-1,SELL,83.67,80.00,-112.25,-7221.44,-786.85,0.00,-254.20,16.18,292.82,23.79,18.69,0.00,-59.64,BEAR,NORMAL,24863.2,0.00,0.0,0.0,9756.56,9789.35,1,PASS,PASS,9,3
TP_Integrated_EA,5.0.0.2_MASTER,2025.10.08 10:00,NAS100,1,BUY,86.33,80.00,100.43,3597.49,5164.96,0.00,665.71,96.32,3529.51,1528.22,79.98,-10.00,112.89,BULL,NORMAL,24876.9,0.00,0.0,0.0,9756.56,9776.06,1,PASS,PASS,10,3
TP_Integrated_EA,5.0.0.2_MASTER,2025.10.08 10:25,NAS100,1,BUY,83.67,80.00,263.77,5108.45,536.91,0.00,-203.70,81.18,374.03,1698.34,63.06,10.00,783.32,BULL,NORMAL,24888.1,0.00,0.0,0.0,9776.06,9783.14,1,PASS,PASS,10,3
TP_Integrated_EA,5.0.0.2_MASTER,2025.10.08 12:25,NAS100,-1,SELL,81.00,80.00,-192.95,-6185.16,-2455.79,0.00,-298.67,16.05,-306.24,-992.81,-3.10,0.00,-513.45,BEAR,NORMAL,24899.2,0.00,0.0,0.0,9776.06,9793.91,1,PASS,PASS,12,3
TP_Integrated_EA,5.0.0.2_MASTER,2025.10.08 14:00,NAS100,1,BUY,83.67,80.00,226.39,4241.82,1252.37,0.00,141.80,96.18,119.73,-479.89,13.36,10.00,-87.05,BULL,NORMAL,24920.2,0.00,0.0,0.0,9793.91,9769.76,1,PASS,PASS,14,3
TP_Integrated_EA,5.0.0.2_MASTER,2025.10.08 14:20,NAS100,-1,SELL,91.67,80.00,-66.86,-3521.64,-4103.10,0.00,-682.43,18.57,-2518.14,-2973.79,-107.44,0.00,-717.52,BEAR,NORMAL,24902.2,0.00,0.0,0.0,9769.76,9748.52,1,PASS,PASS,14,3
TP_Integrated_EA,5.0.0.2_MASTER,2025.10.08 14:50,NAS100,1,BUY,89.00,60.00,37.90,2913.37,5127.37,0.00,725.73,89.72,4338.67,3298.09,28.60,0.00,442.97,BULL,NORMAL,24911.2,0.00,0.0,0.0,9748.52,9736.01,1,PASS,PASS,14,3
TP_Integrated_EA,5.0.0.2_MASTER,2025.10.08 15:10,NAS100,-1,SELL,83.67,80.00,-114.27,-4469.95,-5504.37,0.00,-1375.57,16.18,-2671.43,-4784.20,-77.27,0.00,-1164.15,BEAR,NORMAL,24887.9,0.00,0.0,0.0,9736.01,9709.63,1,PASS,PASS,15,3
TP_Integrated_EA,5.0.0.2_MASTER,2025.10.08 17:00,NAS100,1,BUY,86.33,80.00,540.42,18885.56,76.68,0.00,-328.54,72.68,-1485.93,-5433.19,-201.24,-10.00,-1460.36,BULL,HIGH,24997.2,0.00,0.0,0.0,9612.63,9612.63,0,PASS,PASS,17,3
TP_Integrated_EA,5.0.0.2_MASTER,2025.10.08 19:00,NAS100,1,BUY,89.00,80.00,345.59,7984.50,205.56,0.00,-0.86,88.89,324.38,644.94,-15.22,0.00,238.42,BULL,NORMAL,25078.1,0.00,0.0,0.0,9612.63,9686.93,1,PASS,PASS,19,3
TP_Integrated_EA,5.0.0.2_MASTER,2025.10.08 19:20,NAS100,1,BUY,89.00,80.00,303.66,7126.99,1394.33,0.00,483.86,96.45,-230.83,601.23,42.51,0.00,232.41,BULL,NORMAL,25091.8,0.00,0.0,0.0,9612.63,9700.09,1,PASS,PASS,19,3
TP_Integrated_EA,5.0.0.2_MASTER,2025.10.08 20:25,NAS100,1,BUY,86.33,80.00,225.98,3810.67,1924.29,0.00,261.31,96.32,85.85,-1120.91,25.37,0.00,-308.42,BULL,NORMAL,25086.1,0.00,0.0,0.0,9612.63,9694.61,1,PASS,PASS,20,3
TP_Integrated_EA,5.0.0.2_MASTER,2025.10.08 20:50,NAS100,1,BUY,91.67,80.00,271.82,6168.83,641.28,0.00,-11.96,88.19,-194.29,507.94,-18.25,0.00,339.05,BULL,NORMAL,25104.3,0.00,0.0,0.0,9708.63,9708.63,0,PASS,PASS,20,3
TP_Integrated_EA,5.0.0.2_MASTER,2025.10.08 21:00,NAS100,1,BUY,89.00,80.00,257.41,5053.01,230.71,0.00,29.30,91.15,-424.48,-390.83,-9.94,-10.00,-45.34,BULL,NORMAL,25095.6,0.00,0.0,0.0,9708.63,9696.70,1,PASS,PASS,21,3
TP_Integrated_EA,5.0.0.2_MASTER,2025.10.08 21:10,NAS100,1,BUY,91.67,80.00,237.71,6142.56,1189.25,0.00,317.07,96.58,233.25,-1093.46,-18.98,-10.00,-427.65,BULL,NORMAL,25107.8,0.00,0.0,0.0,9708.63,9708.53,1,PASS,PASS,21,3
TP_Integrated_EA,5.0.0.2_MASTER,2025.10.08 21:45,NAS100,-1,SELL,83.67,80.00,-165.81,-1737.22,-1160.86,0.00,376.60,31.18,-2379.60,-657.64,-89.53,0.00,-12.29,BEAR,NORMAL,25099.8,0.00,0.0,0.0,9708.63,9700.77,1,PASS,PASS,21,3
TP_Integrated_EA,5.0.0.2_MASTER,2025.10.08 23:25,NAS100,1,BUY,83.67,80.00,248.48,8831.10,1084.84,0.00,270.96,96.18,207.91,2441.47,1.59,20.00,912.12,BULL,NORMAL,25174.1,0.00,0.0,0.0,9700.77,9625.21,1,PASS,PASS,23,3
TP_Integrated_EA,5.0.0.2_MASTER,2025.10.09 08:30,NAS100,1,BUY,83.67,80.00,118.72,7240.31,931.07,0.00,41.90,91.83,341.93,1257.23,-1.68,20.00,509.62,BULL,NORMAL,25183.8,0.00,0.0,0.0,9625.21,9626.89,1,PASS,PASS,8,4
TP_Integrated_EA,5.0.0.2_MASTER,2025.10.09 08:50,NAS100,-1,SELL,83.67,60.00,-14.34,-1178.00,-5536.84,0.00,-1041.90,18.32,-2963.23,-4741.98,-33.26,-10.00,-1295.93,BEAR,NORMAL,25167.8,0.00,0.0,0.0,9625.21,9611.53,1,PASS,PASS,8,4
TP_Integrated_EA,5.0.0.2_MASTER,2025.10.09 09:05,NAS100,1,BUY,89.00,80.00,76.11,4464.53,5575.66,0.00,1796.00,95.02,502.68,3476.27,16.99,-10.00,1035.21,BULL,NORMAL,25188.3,0.00,0.0,0.0,9611.53,9587.91,1,PASS,PASS,9,4
TP_Integrated_EA,5.0.0.2_MASTER,2025.10.09 09:30,NAS100,-1,SELL,83.67,80.00,-97.90,-3188.33,-4736.90,0.00,-824.51,16.31,-2876.62,-1604.48,-60.84,10.00,-120.58,BEAR,NORMAL,25174.6,0.00,0.0,0.0,9587.91,9571.00,1,PASS,PASS,9,4
TP_Integrated_EA,5.0.0.2_MASTER,2025.10.09 09:50,NAS100,-1,SELL,83.67,80.00,-193.34,-4128.28,-1176.78,0.00,-4.99,23.31,-219.31,-416.86,-7.10,10.00,-303.30,BEAR,NORMAL,25166.6,0.00,0.0,0.0,9571.00,9574.71,1,PASS,PASS,9,4
TP_Integrated_EA,5.0.0.2_MASTER,2025.10.09 10:15,NAS100,1,BUY,83.67,80.00,36.73,181.09,1950.50,0.00,147.55,92.39,2576.41,2013.86,36.85,0.00,299.38,BULL,NORMAL,25169.8,0.00,0.0,0.0,9571.00,9571.67,1,PASS,PASS,10,4
TP_Integrated_EA,5.0.0.2_MASTER,2025.10.09 11:35,NAS100,-1,SELL,91.67,80.00,-266.17,-6830.77,-1839.78,0.00,-210.61,16.58,-588.66,1056.49,-38.91,0.00,364.30,BEAR,NORMAL,25138.3,0.00,0.0,0.0,9571.67,9537.85,1,PASS,PASS,11,4
TP_Integrated_EA,5.0.0.2_MASTER,2025.10.09 11:55,NAS100,-1,SELL,94.33,80.00,-310.19,-10657.56,-971.58,0.00,132.92,31.72,-904.37,1172.44,-11.68,0.00,434.04,BEAR,NORMAL,25120.8,0.00,0.0,0.0,9537.85,9550.58,1,PASS,PASS,11,4
TP_Integrated_EA,5.0.0.2_MASTER,2025.10.09 12:15,NAS100,1,BUY,91.67,80.00,135.90,4085.84,5472.99,0.00,567.68,96.58,4438.09,3252.67,96.08,0.00,598.82,BULL,NORMAL,25150.8,0.00,0.0,0.0,9537.85,9522.08,1,PASS,PASS,12,4
TP_Integrated_EA,5.0.0.2_MASTER,2025.10.09 12:35,NAS100,1,BUY,94.33,80.00,303.98,6542.95,1486.46,0.00,-127.04,81.72,174.35,-1535.52,38.28,0.00,-295.03,BULL,NORMAL,25160.3,0.00,0.0,0.0,9522.08,9527.21,1,PASS,PASS,12,4
TP_Integrated_EA,5.0.0.2_MASTER,2025.10.09 13:00,NAS100,-1,SELL,86.33,80.00,-99.79,-1599.63,-2057.91,0.00,-53.51,19.82,-2771.63,-990.85,-112.42,10.00,53.16,BEAR,NORMAL,25146.3,0.00,0.0,0.0,9522.08,9513.91,1,PASS,PASS,13,4
TP_Integrated_EA,5.0.0.2_MASTER,2025.10.09 13:10,NAS100,1,BUY,86.33,80.00,119.72,438.81,509.26,0.00,359.56,96.32,184.89,2520.99,11.59,-10.00,784.11,BULL,NORMAL,25152.1,0.00,0.0,0.0,9513.91,9504.50,1,PASS,PASS,13,4
TP_Integrated_EA,5.0.0.2_MASTER,2025.10.09 13:25,NAS100,-1,SELL,89.00,80.00,-4.34,-366.41,-1465.59,0.00,-322.13,22.19,-127.84,-1480.11,5.99,-10.00,-566.91,BEAR,NORMAL,25148.3,0.00,0.0,0.0,9504.50,9496.99,1,PASS,PASS,13,4
TP_Integrated_EA,5.0.0.2_MASTER,2025.10.09 14:30,NAS100,1,BUY,86.33,80.00,225.65,5193.08,1450.33,0.00,183.10,96.32,365.18,906.97,41.80,10.00,406.06,BULL,NORMAL,25160.3,0.00,0.0,0.0,9496.99,9482.02,1,PASS,PASS,14,4
TP_Integrated_EA,5.0.0.2_MASTER,2025.10.09 15:10,NAS100,-1,SELL,86.33,80.00,-182.71,-4275.87,-639.76,0.00,257.35,31.32,-169.56,1210.68,-22.66,0.00,303.76,BEAR,NORMAL,25141.6,0.00,0.0,0.0,9482.02,9460.82,1,PASS,PASS,15,4
TP_Integrated_EA,5.0.0.2_MASTER,2025.10.09 23:00,NAS100,1,BUY,91.67,80.00,353.29,8468.57,690.86,0.00,156.23,96.58,472.72,800.06,94.42,20.00,206.79,BULL,NORMAL,25120.2,0.00,0.0,0.0,9553.82,9553.82,0,PASS,PASS,23,4
TP_Integrated_EA,5.0.0.2_MASTER,2025.10.09 23:25,NAS100,-1,SELL,81.00,60.00,-47.46,-1557.04,-3288.48,0.00,-220.92,16.20,-3003.25,-523.26,-56.65,10.00,168.79,BEAR,NORMAL,25103.8,0.00,0.0,0.0,9553.82,9534.82,1,PASS,PASS,23,4
TP_Integrated_EA,5.0.0.2_MASTER,2025.10.10 04:55,NAS100,1,BUY,81.00,80.00,84.62,2289.23,1415.73,0.00,727.35,95.13,-1205.38,806.93,-20.09,-10.00,427.79,BULL,LOW,25177.1,0.00,0.0,0.0,9534.82,9462.44,1,PASS,PASS,4,5
TP_Integrated_EA,5.0.0.2_MASTER,2025.10.10 07:00,NAS100,-1,SELL,86.33,80.00,-159.63,-5623.33,-592.00,0.00,-138.87,16.32,-203.75,-42.69,-19.40,-10.00,21.52,BEAR,NORMAL,25145.3,0.00,0.0,0.0,9462.44,9428.59,1,PASS,PASS,7,5
TP_Integrated_EA,5.0.0.2_MASTER,2025.10.10 09:05,NAS100,1,BUY,89.00,80.00,149.34,8767.64,1880.62,0.00,242.96,96.45,655.12,1945.89,2.59,20.00,730.77,BULL,NORMAL,25174.4,0.00,0.0,0.0,9428.59,9397.71,1,PASS,PASS,9,5
TP_Integrated_EA,5.0.0.2_MASTER,2025.10.10 09:35,NAS100,-1,SELL,86.33,60.00,-35.65,-479.44,-1682.93,0.00,305.76,32.18,-3143.54,479.97,-18.22,-10.00,584.24,BEAR,NORMAL,25169.6,0.00,0.0,0.0,9397.71,9389.43,1,PASS,PASS,9,5
TP_Integrated_EA,5.0.0.2_MASTER,2025.10.10 12:25,NAS100,-1,SELL,83.67,80.00,-213.82,-7621.08,-641.46,0.00,398.44,31.18,-1084.04,3033.44,-11.47,-20.00,1057.76,BEAR,NORMAL,25138.8,0.00,0.0,0.0,9389.43,9414.26,1,PASS,PASS,12,5
TP_Integrated_EA,5.0.0.2_MASTER,2025.10.10 12:40,NAS100,-1,SELL,86.33,80.00,-269.87,-8848.89,-801.90,0.00,54.30,27.89,161.31,947.49,-6.56,-10.00,159.39,BEAR,NORMAL,25121.3,0.00,0.0,0.0,9389.43,9430.54,1,PASS,PASS,12,5
TP_Integrated_EA,5.0.0.2_MASTER,2025.10.10 12:50,NAS100,-1,SELL,91.67,80.00,-325.68,-12846.23,-2011.74,0.00,-66.68,19.08,-1605.47,-1452.88,-38.59,10.00,-423.87,BEAR,NORMAL,25100.1,0.00,0.0,0.0,9389.43,9450.25,1,PASS,PASS,12,5
TP_Integrated_EA,5.0.0.2_MASTER,2025.10.10 13:20,NAS100,1,BUY,89.00,80.00,182.42,3494.85,4650.45,0.00,-14.96,87.83,5741.41,901.98,119.39,0.00,-415.90,BULL,NORMAL,25116.1,0.00,0.0,0.0,9389.43,9435.37,1,PASS,PASS,13,5
TP_Integrated_EA,5.0.0.2_MASTER,2025.10.10 13:40,NAS100,-1,SELL,83.67,60.00,-32.17,-519.18,-2565.54,0.00,-922.54,17.25,-1490.17,-1991.76,-62.86,-10.00,-204.74,BEAR,NORMAL,25106.6,0.00,0.0,0.0,9435.37,9422.72,1,PASS,PASS,13,5
TP_Integrated_EA,5.0.0.2_MASTER,2025.10.10 13:45,NAS100,1,BUY,83.67,80.00,291.75,2590.19,1181.01,0.00,117.39,96.18,-656.17,1283.07,19.95,20.00,789.43,BULL,NORMAL,25123.3,0.00,0.0,0.0,9422.72,9403.38,1,PASS,PASS,13,5
TP_Integrated_EA,5.0.0.2_MASTER,2025.10.10 17:15,NAS100,-1,SELL,81.00,80.00,-504.88,-2597.99,-3987.06,0.00,-411.01,16.05,-1223.54,3727.36,-145.88,-10.00,1339.60,BEAR,HIGH,25156.6,0.00,0.0,0.0,9403.38,9430.54,1,PASS,PASS,17,5
TP_Integrated_EA,5.0.0.2_MASTER,2025.10.10 20:55,NAS100,-1,SELL,86.33,80.00,-514.74,-4253.94,-6351.03,0.00,-1299.32,16.32,-4940.59,-4469.53,-317.47,0.00,-603.15,BEAR,NORMAL,24486.9,0.00,0.0,0.0,9523.54,9523.54,0,PASS,PASS,20,5
TP_Integrated_EA,5.0.0.2_MASTER,2025.10.10 21:35,NAS100,-1,SELL,81.00,80.00,-544.03,-2456.06,-1954.69,0.00,-461.14,16.05,-1381.29,-5300.19,-127.17,-10.00,-1705.01,BEAR,NORMAL,24479.7,0.00,0.0,0.0,9523.54,9527.15,1,PASS,PASS,21,5
TP_Integrated_EA,5.0.0.2_MASTER,2025.10.10 22:35,NAS100,-1,SELL,91.67,80.00,-1030.62,-15565.83,-2695.09,0.00,-296.39,16.58,-1854.54,1728.93,-166.01,0.00,886.99,BEAR,NORMAL,24346.2,0.00,0.0,0.0,9618.54,9618.54,0,PASS,PASS,22,5
TP_Integrated_EA,5.0.0.2_MASTER,2025.10.10 23:00,NAS100,-1,SELL,86.33,80.00,-863.48,-21171.26,-8612.02,0.00,-2307.42,16.32,-1525.21,-2706.93,-31.94,0.00,-818.07,BEAR,NORMAL,24235.9,0.00,0.0,0.0,9714.54,9714.54,0,PASS,PASS,23,5
TP_Integrated_EA,5.0.0.2_MASTER,2025.10.13 04:30,NAS100,1,BUY,78.33,80.00,258.27,5890.89,952.54,0.00,487.45,95.92,-525.45,650.98,-53.45,0.00,270.02,BULL,LOW,24680.1,0.00,0.0,0.0,9811.54,9811.54,0,PASS,PASS,4,1
TP_Integrated_EA,5.0.0.2_MASTER,2025.10.13 06:15,NAS100,1,BUY,78.33,60.00,20.78,926.44,7861.36,0.00,2089.27,88.16,2509.14,3082.37,74.32,-10.00,586.25,BULL,LOW,24672.6,0.00,0.0,0.0,9811.54,9799.88,1,PASS,PASS,6,1
TP_Integrated_EA,5.0.0.2_MASTER,2025.10.13 06:25,NAS100,-1,SELL,78.33,80.00,-92.95,-1932.69,-4433.47,0.00,-1855.09,16.34,2566.26,-1072.89,105.39,0.00,-731.25,BEAR,LOW,24658.1,0.00,0.0,0.0,9811.54,9785.67,1,PASS,PASS,6,1
TP_Integrated_EA,5.0.0.2_MASTER,2025.10.13 07:20,NAS100,1,BUY,81.00,60.00,70.43,447.41,3233.50,0.00,73.07,89.26,3439.48,507.67,43.10,0.00,-246.05,BULL,NORMAL,24631.3,0.00,0.0,0.0,9785.67,9807.40,1,PASS,PASS,7,1
TP_Integrated_EA,5.0.0.2_MASTER,2025.10.13 07:55,NAS100,1,BUY,86.33,80.00,344.88,6517.84,2537.84,0.00,275.63,96.32,989.62,1289.31,-3.52,10.00,476.47,BULL,NORMAL,24657.1,0.00,0.0,0.0,9807.40,9828.37,1,PASS,PASS,7,1
TP_Integrated_EA,5.0.0.2_MASTER,2025.10.13 08:20,NAS100,1,BUY,86.33,80.00,241.44,5583.44,1129.50,0.00,353.88,96.32,-996.98,-1056.78,-77.13,-20.00,-167.01,BULL,NORMAL,24659.8,0.00,0.0,0.0,9807.40,9831.02,1,PASS,PASS,8,1
TP_Integrated_EA,5.0.0.2_MASTER,2025.10.13 10:00,NAS100,1,BUY,86.33,80.00,330.66,7568.27,1875.68,0.00,121.45,96.32,-126.69,-72.03,1.71,10.00,242.62,BULL,NORMAL,24689.1,0.00,0.0,0.0,9807.40,9859.73,1,PASS,PASS,10,1
TP_Integrated_EA,5.0.0.2_MASTER,2025.10.13 10:10,NAS100,1,BUY,89.00,100.00,449.76,11832.89,2698.69,0.00,98.04,99.30,1864.83,2124.20,64.53,0.00,668.69,BULL,NORMAL,24712.6,0.00,0.0,0.0,9807.40,9882.76,1,PASS,PASS,10,1
TP_Integrated_EA,5.0.0.2_MASTER,2025.10.13 10:55,NAS100,-1,SELL,86.33,60.00,-105.53,-2599.10,-4624.55,0.00,276.49,28.32,-5863.64,-33.87,-42.12,0.00,618.34,BEAR,NORMAL,24735.8,0.00,0.0,0.0,9905.40,9905.40,0,PASS,PASS,10,1
TP_Integrated_EA,5.0.0.2_MASTER,2025.10.13 11:10,NAS100,-1,SELL,89.00,80.00,-450.01,-3423.05,-758.53,0.00,650.10,31.45,-624.48,776.16,-137.68,20.00,-65.21,BEAR,NORMAL,24725.8,0.00,0.0,0.0,9905.40,9911.44,1,PASS,PASS,11,1
TP_Integrated_EA,5.0.0.2_MASTER,2025.10.13 12:05,NAS100,1,BUY,89.00,80.00,168.77,1645.37,2175.22,0.00,-127.79,81.45,3370.80,3177.80,221.07,-10.00,751.54,BULL,NORMAL,24710.6,0.00,0.0,0.0,9905.40,9926.49,1,PASS,PASS,12,1
TP_Integrated_EA,5.0.0.2_MASTER,2025.10.13 20:55,NAS100,1,BUY,81.00,60.00,82.43,768.82,3139.91,0.00,555.61,92.00,2279.90,2698.83,108.66,0.00,591.72,BULL,NORMAL,24757.1,0.00,0.0,0.0,9827.49,9827.49,0,PASS,PASS,20,1
TP_Integrated_EA,5.0.0.2_MASTER,2025.10.13 21:25,NAS100,1,BUY,86.33,80.00,466.21,5929.14,1580.69,0.00,213.74,96.32,-96.26,1303.67,33.26,20.00,654.38,BULL,LOW,24786.8,0.00,0.0,0.0,9827.49,9853.26,1,PASS,PASS,21,1
TP_Integrated_EA,5.0.0.2_MASTER,2025.10.13 21:45,NAS100,-1,SELL,81.00,80.00,-33.99,-2307.94,-5563.71,0.00,-1097.59,20.01,-2734.48,-3720.25,-129.38,0.00,-929.65,BEAR,NORMAL,24760.1,0.00,0.0,0.0,9827.49,9827.10,1,PASS,PASS,21,1
TP_Integrated_EA,5.0.0.2_MASTER,2025.10.13 22:05,NAS100,-1,SELL,91.67,80.00,-502.27,-9165.70,-507.57,0.00,660.06,31.58,-1371.19,2222.58,-106.10,0.00,721.27,BEAR,LOW,24735.3,0.00,0.0,0.0,9827.10,9848.07,1,PASS,PASS,22,1
TP_Integrated_EA,5.0.0.2_MASTER,2025.10.13 22:20,NAS100,1,BUY,81.00,80.00,95.88,3228.41,6679.66,0.00,1396.38,95.80,3106.16,2085.04,71.55,0.00,205.76,BULL,NORMAL,24772.1,0.00,0.0,0.0,9827.10,9812.01,1,PASS,PASS,22,1
TP_Integrated_EA,5.0.0.2_MASTER,2025.10.13 23:55,NAS100,-1,SELL,81.00,80.00,-447.40,-3433.95,-130.08,0.00,97.62,35.77,-474.05,-58.99,-20.18,10.00,27.23,BEAR,NORMAL,24740.7,0.00,0.0,0.0,9812.01,9777.91,1,PASS,PASS,23,1
TP_Integrated_EA,5.0.0.2_MASTER,2025.10.14 01:45,NAS100,1,BUY,83.67,60.00,12.97,3679.94,6390.45,0.00,1848.42,87.96,601.59,3360.57,-19.46,-10.00,1048.71,BULL,LOW,24765.4,0.00,0.0,0.0,9777.91,9751.35,1,PASS,PASS,1,2
TP_Integrated_EA,5.0.0.2_MASTER,2025.10.14 02:15,NAS100,-1,SELL,81.00,60.00,-52.85,-2656.71,-5200.88,0.00,-1030.27,15.88,-2873.87,-2051.38,-24.86,10.00,-253.19,BEAR,LOW,24753.6,0.00,0.0,0.0,9751.35,9735.64,1,PASS,PASS,2,2
TP_Integrated_EA,5.0.0.2_MASTER,2025.10.14 04:05,NAS100,-1,SELL,81.00,80.00,-110.18,-671.91,-2281.89,0.00,1049.87,31.05,-4472.83,3274.35,-17.06,0.00,1505.66,BEAR,NORMAL,24831.3,0.00,0.0,0.0,9638.64,9638.64,0,PASS,PASS,4,2
TP_Integrated_EA,5.0.0.2_MASTER,2025.10.14 05:05,NAS100,1,BUY,89.00,100.00,392.85,3136.27,709.15,0.00,124.77,99.45,8.48,238.84,-22.82,10.00,126.22,BULL,NORMAL,24853.8,0.00,0.0,0.0,9638.64,9612.82,1,PASS,PASS,5,2
TP_Integrated_EA,5.0.0.2_MASTER,2025.10.14 05:25,NAS100,1,BUY,89.00,80.00,302.93,3146.90,312.26,0.00,89.39,95.65,-185.61,-1095.95,-46.26,0.00,-354.19,BULL,NORMAL,24856.9,0.00,0.0,0.0,9612.82,9611.57,1,PASS,PASS,5,2
TP_Integrated_EA,5.0.0.2_MASTER,2025.10.14 05:30,NAS100,-1,SELL,86.33,80.00,-109.40,-3255.91,-4504.98,0.00,-876.13,16.32,-2028.03,-2834.49,-169.74,-10.00,-749.72,BEAR,NORMAL,24830.9,0.00,0.0,0.0,9612.82,9586.61,1,PASS,PASS,5,2
TP_Integrated_EA,5.0.0.2_MASTER,2025.10.14 05:55,NAS100,-1,SELL,94.33,80.00,-310.75,-10951.81,-124.52,0.00,555.32,37.00,-357.27,1708.28,-26.09,10.00,382.90,BEAR,NORMAL,24804.4,0.00,0.0,0.0,9586.61,9607.61,1,PASS,PASS,5,2
TP_Integrated_EA,5.0.0.2_MASTER,2025.10.14 09:15,NAS100,1,BUY,83.67,60.00,111.61,3624.16,6008.96,0.00,335.73,93.18,4268.91,-1923.90,135.83,0.00,-1124.06,BULL,NORMAL,24590.0,0.00,0.0,0.0,9681.61,9681.61,0,PASS,PASS,9,2
TP_Integrated_EA,5.0.0.2_MASTER,2025.10.14 10:40,NAS100,-1,SELL,83.67,80.00,-374.54,-3784.65,-4091.46,0.00,-1001.46,16.18,-2884.18,-8251.35,-138.11,-10.00,-2410.76,BEAR,NORMAL,24497.8,0.00,0.0,0.0,9585.61,9585.61,0,PASS,PASS,10,2
TP_Integrated_EA,5.0.0.2_MASTER,2025.10.14 11:05,NAS100,-1,SELL,83.67,80.00,-882.22,-12039.37,-1064.39,0.00,285.36,31.18,66.48,483.97,11.76,10.00,-108.38,BEAR,NORMAL,24437.9,0.00,0.0,0.0,9585.61,9638.81,1,PASS,PASS,11,2
TP_Integrated_EA,5.0.0.2_MASTER,2025.10.14 13:20,NAS100,-1,SELL,83.67,80.00,-542.42,-10320.65,-889.94,0.00,77.01,29.46,-502.67,-565.18,26.96,10.00,-253.90,BEAR,NORMAL,24445.9,0.00,0.0,0.0,9585.61,9631.21,1,PASS,PASS,13,2
TP_Integrated_EA,5.0.0.2_MASTER,2025.10.14 13:30,NAS100,-1,SELL,86.33,80.00,-526.89,-13709.46,-3123.02,0.00,-458.70,16.32,-968.65,-835.72,8.08,0.00,-262.67,BEAR,NORMAL,24419.6,0.00,0.0,0.0,9585.61,9656.20,1,PASS,PASS,13,2
TP_Integrated_EA,5.0.0.2_MASTER,2025.10.14 13:55,NAS100,-1,SELL,89.00,80.00,-526.03,-20261.33,-214.64,0.00,375.10,31.45,-49.21,4748.54,43.46,-20.00,1532.33,BEAR,NORMAL,24359.1,0.00,0.0,0.0,9680.61,9680.61,0,PASS,PASS,13,2
TP_Integrated_EA,5.0.0.2_MASTER,2025.10.14 14:10,NAS100,1,BUY,86.33,80.00,263.17,5941.07,9095.32,0.00,737.06,96.32,8094.14,3694.96,147.48,-20.00,305.02,BULL,NORMAL,24421.4,0.00,0.0,0.0,9680.61,9617.06,1,PASS,PASS,14,2
TP_Integrated_EA,5.0.0.2_MASTER,2025.10.14 14:35,NAS100,1,BUY,91.67,80.00,679.21,12584.36,111.96,0.00,-869.55,75.42,348.60,-1953.56,41.17,0.00,-264.59,BULL,NORMAL,24472.6,0.00,0.0,0.0,9617.06,9662.47,1,PASS,PASS,14,2
TP_Integrated_EA,5.0.0.2_MASTER,2025.10.14 17:05,NAS100,1,BUY,81.00,80.00,1023.08,9904.13,14331.30,0.00,1772.27,96.05,12998.18,5901.30,473.05,0.00,1.54,BULL,HIGH,24445.9,0.00,0.0,0.0,9521.06,9521.06,0,PASS,PASS,17,2
TP_Integrated_EA,5.0.0.2_MASTER,2025.10.14 17:25,NAS100,1,BUY,86.33,80.00,2311.87,19039.46,5318.39,0.00,-96.47,81.58,1874.12,-473.20,298.84,10.00,299.74,BULL,HIGH,24530.9,0.00,0.0,0.0,9521.06,9598.58,1,PASS,PASS,17,2
TP_Integrated_EA,5.0.0.2_MASTER,2025.10.15 02:40,NAS100,-1,SELL,78.33,60.00,-18.63,-458.17,-4157.94,0.00,-796.09,17.80,-2171.72,-832.84,-93.03,0.00,55.21,BEAR,LOW,24636.9,0.00,0.0,0.0,9616.06,9616.06,0,PASS,PASS,2,3
TP_Integrated_EA,5.0.0.2_MASTER,2025.10.15 03:00,NAS100,-1,SELL,86.33,80.00,-266.47,-4981.61,-3011.70,0.00,-304.37,16.32,-1524.69,-2330.89,-132.17,30.00,-808.60,BEAR,LOW,24616.4,0.00,0.0,0.0,9616.06,9631.52,1,PASS,PASS,3,3
TP_Integrated_EA,5.0.0.2_MASTER,2025.10.15 03:40,NAS100,1,BUY,81.00,80.00,222.61,2134.96,2606.25,0.00,-143.26,81.05,4153.59,1055.83,139.51,0.00,-207.36,BULL,NORMAL,24620.7,0.00,0.0,0.0,9616.06,9627.39,1,PASS,PASS,3,3
TP_Integrated_EA,5.0.0.2_MASTER,2025.10.15 04:00,NAS100,1,BUY,91.67,80.00,461.15,6470.36,521.51,0.00,-512.08,81.58,1089.49,149.84,54.67,10.00,165.74,BULL,NORMAL,24641.4,0.00,0.0,0.0,9627.39,9643.04,1,PASS,PASS,4,3
TP_Integrated_EA,5.0.0.2_MASTER,2025.10.15 04:10,NAS100,-1,SELL,86.33,60.00,-21.14,-1022.30,-3259.16,0.00,-680.50,18.05,-2517.61,-4019.48,-106.64,-10.00,-969.55,BEAR,NORMAL,24610.1,0.00,0.0,0.0,9627.39,9612.99,1,PASS,PASS,4,3
TP_Integrated_EA,5.0.0.2_MASTER,2025.10.15 06:00,NAS100,-1,SELL,83.67,80.00,-191.55,-5193.39,-618.91,0.00,636.13,31.18,-1242.66,3975.27,-37.60,0.00,1319.92,BEAR,NORMAL,24656.9,0.00,0.0,0.0,9612.99,9563.84,1,PASS,PASS,6,3
TP_Integrated_EA,5.0.0.2_MASTER,2025.10.15 06:20,NAS100,-1,SELL,81.00,80.00,-249.77,-5960.48,-1155.23,0.00,-13.06,22.57,-653.66,-2838.12,-27.45,10.00,-1099.85,BEAR,NORMAL,24638.2,0.00,0.0,0.0,9612.99,9581.79,1,PASS,PASS,6,3
TP_Integrated_EA,5.0.0.2_MASTER,2025.10.15 07:25,NAS100,1,BUY,83.67,80.00,263.34,3557.67,600.22,0.00,-207.95,81.18,908.44,-801.29,90.22,20.00,-335.88,BULL,NORMAL,24667.5,0.00,0.0,0.0,9612.99,9553.66,1,PASS,PASS,7,3
TP_Integrated_EA,5.0.0.2_MASTER,2025.10.15 08:05,NAS100,1,BUY,89.00,80.00,264.06,14127.96,5512.54,0.00,991.64,96.45,2391.83,5168.54,20.42,10.00,1625.15,BULL,NORMAL,24731.1,0.00,0.0,0.0,9553.66,9609.90,1,PASS,PASS,8,3
TP_Integrated_EA,5.0.0.2_MASTER,2025.10.15 12:55,NAS100,1,BUY,81.00,80.00,417.52,3633.80,955.13,0.00,339.39,96.05,913.03,-605.86,72.02,0.00,-521.90,BULL,NORMAL,24819.4,0.00,0.0,0.0,9648.66,9648.66,0,PASS,PASS,12,3
TP_Integrated_EA,5.0.0.2_MASTER,2025.10.15 13:10,NAS100,-1,SELL,81.00,60.00,-8.73,-446.59,-3446.85,0.00,-788.13,18.53,-839.03,-1453.41,-103.56,-10.00,-436.58,BEAR,NORMAL,24804.2,0.00,0.0,0.0,9648.66,9630.32,1,PASS,PASS,13,3
TP_Integrated_EA,5.0.0.2_MASTER,2025.10.15 13:50,NAS100,1,BUY,81.00,80.00,146.04,3000.36,4019.82,0.00,1031.64,96.05,869.23,1616.26,128.56,0.00,440.13,BULL,NORMAL,24820.4,0.00,0.0,0.0,9630.32,9611.02,1,PASS,PASS,13,3
TP_Integrated_EA,5.0.0.2_MASTER,2025.10.15 14:45,NAS100,1,BUY,86.33,80.00,133.63,2640.81,3032.82,0.00,296.84,96.32,3261.62,2706.19,115.97,10.00,476.84,BULL,NORMAL,24808.7,0.00,0.0,0.0,9611.02,9596.04,1,PASS,PASS,14,3
TP_Integrated_EA,5.0.0.2_MASTER,2025.10.15 15:10,NAS100,1,BUY,86.33,80.00,284.65,9996.25,3352.96,0.00,294.26,96.32,1615.28,3152.12,32.60,10.00,1134.12,BULL,NORMAL,24846.4,0.00,0.0,0.0,9611.02,9632.24,1,PASS,PASS,15,3
TP_Integrated_EA,5.0.0.2_MASTER,2025.10.15 19:25,NAS100,-1,SELL,83.67,80.00,-515.26,-1057.42,-363.01,0.00,-1375.92,16.18,1846.24,-4115.96,48.21,-10.00,-1352.69,BEAR,NORMAL,24807.4,0.00,0.0,0.0,9707.02,9707.02,0,PASS,PASS,19,3
TP_Integrated_EA,5.0.0.2_MASTER,2025.10.15 20:45,NAS100,1,BUY,83.67,80.00,582.23,7684.85,9721.79,0.00,447.08,96.18,8092.13,-4324.62,401.79,-10.00,-2476.02,BULL,NORMAL,24681.2,0.00,0.0,0.0,9804.02,9804.02,0,PASS,PASS,20,3
TP_Integrated_EA,5.0.0.2_MASTER,2025.10.15 22:00,NAS100,1,BUY,83.67,80.00,973.67,8082.26,589.82,0.00,90.84,95.50,170.07,115.89,-137.23,10.00,31.20,BULL,NORMAL,24797.4,0.00,0.0,0.0,9902.02,9902.02,0,PASS,PASS,22,3
TP_Integrated_EA,5.0.0.2_MASTER,2025.10.15 22:40,NAS100,-1,SELL,83.67,80.00,-205.67,-7737.70,-6563.77,0.00,-1058.94,16.18,-3197.88,-6306.68,-265.58,0.00,-1968.79,BEAR,NORMAL,24730.4,0.00,0.0,0.0,9902.02,9832.32,1,PASS,PASS,22,3
TP_Integrated_EA,5.0.0.2_MASTER,2025.10.15 23:35,NAS100,-1,SELL,83.67,60.00,-127.09,-1053.48,-4917.26,0.00,-1100.42,13.18,-2820.57,-273.70,-87.98,-10.00,498.63,BEAR,NORMAL,24772.4,0.00,0.0,0.0,9832.32,9787.83,1,PASS,PASS,23,3
TP_Integrated_EA,5.0.0.2_MASTER,2025.10.16 02:40,NAS100,-1,SELL,83.67,80.00,-358.95,-7820.26,-3.20,0.00,448.16,44.96,-734.47,386.70,-49.94,10.00,46.04,BEAR,LOW,24777.0,0.00,0.0,0.0,9736.01,9736.01,0,PASS,PASS,2,4
TP_Integrated_EA,5.0.0.2_MASTER,2025.10.16 06:20,NAS100,-1,SELL,81.00,60.00,-42.53,-2726.50,-6200.12,0.00,-1566.48,16.50,-2828.08,-3450.63,-52.21,0.00,-616.06,BEAR,NORMAL,24762.5,0.00,0.0,0.0,9736.01,9745.81,1,PASS,PASS,6,4
TP_Integrated_EA,5.0.0.2_MASTER,2025.10.16 06:40,NAS100,-1,SELL,86.33,80.00,-267.96,-4046.54,-2237.76,0.00,-379.67,16.32,76.76,914.60,-22.66,0.00,184.26,BEAR,NORMAL,24756.7,0.00,0.0,0.0,9736.01,9751.43,1,PASS,PASS,6,4
TP_Integrated_EA,5.0.0.2_MASTER,2025.10.16 07:05,NAS100,1,BUY,83.67,60.00,20.10,524.80,1608.32,0.00,239.39,88.39,1373.22,982.94,65.13,10.00,139.93,BULL,NORMAL,24768.7,0.00,0.0,0.0,9736.01,9739.79,1,PASS,PASS,7,4
TP_Integrated_EA,5.0.0.2_MASTER,2025.10.16 09:10,NAS100,1,BUY,83.67,80.00,301.07,6347.35,4846.67,0.00,1568.18,96.18,156.38,2693.92,33.28,0.00,844.32,BULL,NORMAL,24819.6,0.00,0.0,0.0,9739.79,9784.90,1,PASS,PASS,9,4
TP_Integrated_EA,5.0.0.2_MASTER,2025.10.16 09:35,NAS100,1,BUY,91.67,80.00,458.28,12467.62,2132.37,0.00,252.92,96.58,720.03,1.32,24.71,10.00,37.43,BULL,NORMAL,24858.5,0.00,0.0,0.0,9739.79,9822.63,1,PASS,PASS,9,4
TP_Integrated_EA,5.0.0.2_MASTER,2025.10.16 10:05,NAS100,1,BUY,89.00,80.00,352.34,10115.69,1041.27,0.00,352.27,96.45,72.31,2777.15,24.04,10.00,987.01,BULL,NORMAL,24885.3,0.00,0.0,0.0,9836.79,9836.79,0,PASS,PASS,10,4
TP_Integrated_EA,5.0.0.2_MASTER,2025.10.16 10:20,NAS100,-1,SELL,86.33,60.00,-82.22,-1902.22,-6201.79,0.00,-1046.12,14.38,-2445.73,-542.83,-43.44,0.00,50.95,BEAR,NORMAL,24856.8,0.00,0.0,0.0,9836.79,9805.04,1,PASS,PASS,10,4
TP_Integrated_EA,5.0.0.2_MASTER,2025.10.16 11:30,NAS100,-1,SELL,86.33,60.00,-78.69,-2161.09,-6666.40,0.00,-1131.07,14.60,-4181.26,-2382.99,-70.81,10.00,-181.43,BEAR,NORMAL,24861.5,0.00,0.0,0.0,9805.04,9796.61,1,PASS,PASS,11,4
TP_Integrated_EA,5.0.0.2_MASTER,2025.10.16 13:10,NAS100,1,BUY,94.33,80.00,351.97,8726.87,1335.36,0.00,-172.25,81.72,1423.76,-1522.01,31.13,10.00,-641.79,BULL,NORMAL,24908.3,0.00,0.0,0.0,9805.04,9750.75,1,PASS,PASS,13,4
TP_Integrated_EA,5.0.0.2_MASTER,2025.10.16 13:35,NAS100,1,BUY,89.00,80.00,226.91,6296.13,344.15,0.00,172.94,96.45,-954.15,178.73,-45.69,10.00,259.59,BULL,NORMAL,24913.7,0.00,0.0,0.0,9750.75,9752.21,1,PASS,PASS,13,4
TP_Integrated_EA,5.0.0.2_MASTER,2025.10.16 13:50,NAS100,-1,SELL,83.67,80.00,-76.69,-2254.41,-4735.86,0.00,-755.68,17.58,-2249.08,-1966.23,-22.03,-10.00,-471.56,BEAR,NORMAL,24894.7,0.00,0.0,0.0,9750.75,9733.77,1,PASS,PASS,13,4
TP_Integrated_EA,5.0.0.2_MASTER,2025.10.16 18:50,NAS100,-1,SELL,86.33,80.00,-2370.84,-18653.40,-3259.34,0.00,21.03,25.39,-1799.37,1326.14,-167.51,0.00,380.34,BEAR,HIGH,24820.7,0.00,0.0,0.0,9636.77,9636.77,0,PASS,PASS,18,4
TP_Integrated_EA,5.0.0.2_MASTER,2025.10.16 19:20,NAS100,-1,SELL,86.33,80.00,-1817.83,-12561.20,-2203.11,0.00,-846.95,16.32,511.22,-4627.44,-127.03,20.00,-1739.72,BEAR,HIGH,24760.2,0.00,0.0,0.0,9636.77,9691.59,1,PASS,PASS,19,4
TP_Integrated_EA,5.0.0.2_MASTER,2025.10.16 20:20,NAS100,1,BUY,83.67,80.00,2184.14,8851.72,4841.09,0.00,431.97,96.18,-683.53,-4876.90,30.69,0.00,-1064.41,BULL,HIGH,24781.7,0.00,0.0,0.0,9732.77,9732.77,0,PASS,PASS,20,4
TP_Integrated_EA,5.0.0.2_MASTER,2025.10.16 20:30,NAS100,1,BUY,89.00,80.00,2969.49,7978.34,1320.70,0.00,-263.03,81.45,707.44,1835.93,572.34,0.00,951.95,BULL,HIGH,24776.9,0.00,0.0,0.0,9732.77,9724.82,1,PASS,PASS,20,4
TP_Integrated_EA,5.0.0.2_MASTER,2025.10.16 20:45,NAS100,-1,SELL,83.67,60.00,-203.29,-2379.81,-5681.63,0.00,-1258.41,13.18,-3034.53,-1716.78,-770.54,-10.00,-88.02,BEAR,HIGH,24724.5,0.00,0.0,0.0,9732.77,9673.99,1,PASS,PASS,20,4
TP_Integrated_EA,5.0.0.2_MASTER,2025.10.16 21:05,NAS100,-1,SELL,91.67,80.00,-1791.06,-12602.78,-4091.86,0.00,-214.49,16.58,-1720.23,966.95,-166.64,10.00,323.40,BEAR,NORMAL,24645.6,0.00,0.0,0.0,9673.99,9746.47,1,PASS,PASS,21,4
TP_Integrated_EA,5.0.0.2_MASTER,2025.10.16 21:50,NAS100,1,BUY,83.67,80.00,365.62,6078.08,11652.94,0.00,1660.81,96.18,6027.35,-984.23,93.66,-10.00,-1040.70,BULL,NORMAL,24609.4,0.00,0.0,0.0,9769.99,9769.99,0,PASS,PASS,21,4
TP_Integrated_EA,5.0.0.2_MASTER,2025.10.17 01:25,NAS100,-1,SELL,83.67,60.00,-6.77,-1107.81,-8512.31,0.00,-2087.33,18.78,-2970.91,-4147.25,-199.38,-10.00,-904.45,BEAR,LOW,24653.6,0.00,0.0,0.0,9769.99,9805.64,1,PASS,PASS,1,5
TP_Integrated_EA,5.0.0.2_MASTER,2025.10.17 01:45,NAS100,-1,SELL,89.00,80.00,-579.72,-4450.24,-3463.64,0.00,-472.23,16.45,-779.64,-469.16,-165.31,0.00,-282.45,BEAR,LOW,24637.0,0.00,0.0,0.0,9805.64,9817.60,1,PASS,PASS,1,5
TP_Integrated_EA,5.0.0.2_MASTER,2025.10.17 02:35,NAS100,-1,SELL,86.33,80.00,-355.84,-5374.43,-2187.81,0.00,-1174.11,16.32,1095.80,-1714.05,49.35,0.00,-648.70,BEAR,LOW,24590.3,0.00,0.0,0.0,9805.64,9863.36,1,PASS,PASS,2,5
TP_Integrated_EA,5.0.0.2_MASTER,2025.10.17 08:40,NAS100,-1,SELL,86.33,80.00,-353.36,-15081.16,-5177.92,0.00,-1396.61,16.32,165.78,-2836.65,-33.41,20.00,-1170.34,BEAR,NORMAL,24475.7,0.00,0.0,0.0,9903.64,9903.64,0,PASS,PASS,8,5
TP_Integrated_EA,5.0.0.2_MASTER,2025.10.17 09:00,NAS100,1,BUY,86.33,80.00,37.10,1408.77,8407.04,0.00,1330.42,92.54,5756.85,6015.96,102.77,-10.00,1364.32,BULL,NORMAL,24515.1,0.00,0.0,0.0,9903.64,9860.77,1,PASS,PASS,9,5
TP_Integrated_EA,5.0.0.2_MASTER,2025.10.17 10:10,NAS100,-1,SELL,94.33,80.00,-865.46,-21309.02,-4957.71,0.00,-702.95,16.72,-2023.87,-2319.40,-204.52,10.00,-778.79,BEAR,NORMAL,24365.3,0.00,0.0,0.0,9762.77,9762.77,0,PASS,PASS,10,5
TP_Integrated_EA,5.0.0.2_MASTER,2025.10.17 12:10,NAS100,1,BUY,81.00,80.00,928.53,4548.61,1288.93,0.00,359.98,96.05,476.84,583.67,50.83,0.00,154.85,BULL,NORMAL,24363.3,0.00,0.0,0.0,9762.77,9760.93,1,PASS,PASS,12,5
TP_Integrated_EA,5.0.0.2_MASTER,2025.10.17 12:25,NAS100,1,BUY,83.67,80.00,998.62,9973.94,1716.52,0.00,48.53,92.32,1463.60,-978.29,28.73,-10.00,-501.32,BULL,NORMAL,24401.8,0.00,0.0,0.0,9760.93,9794.49,1,PASS,PASS,12,5
TP_Integrated_EA,5.0.0.2_MASTER,2025.10.17 14:00,NAS100,1,BUY,83.67,80.00,815.42,9094.49,1408.41,0.00,-197.79,81.18,574.07,-944.76,122.02,10.00,-150.02,BULL,NORMAL,24428.6,0.00,0.0,0.0,9760.93,9820.49,1,PASS,PASS,14,5
TP_Integrated_EA,5.0.0.2_MASTER,2025.10.17 18:00,NAS100,-1,SELL,91.67,80.00,-3217.66,-8635.94,-484.46,0.00,794.48,31.58,-195.64,1746.79,-654.40,10.00,132.70,BEAR,HIGH,24617.6,0.00,0.0,0.0,9857.93,9857.93,0,PASS,PASS,18,5
TP_Integrated_EA,5.0.0.2_MASTER,2025.10.17 18:20,NAS100,-1,SELL,83.67,80.00,-2832.66,-9951.39,-3775.98,0.00,-832.65,16.18,-934.91,1417.91,232.04,0.00,563.87,BEAR,HIGH,24603.6,0.00,0.0,0.0,9857.93,9868.32,1,PASS,PASS,18,5
TP_Integrated_EA,5.0.0.2_MASTER,2025.10.17 21:20,NAS100,1,BUY,83.67,80.00,1090.72,16002.55,1404.02,0.00,-382.41,81.18,163.85,-1686.78,-79.78,10.00,-280.66,BULL,NORMAL,24856.8,0.00,0.0,0.0,9759.93,9759.93,0,PASS,PASS,21,5
TP_Integrated_EA,5.0.0.2_MASTER,2025.10.17 21:30,NAS100,1,BUY,83.67,80.00,900.36,16347.39,259.38,0.00,-400.52,81.18,544.42,-1929.22,-106.85,-20.00,-555.44,BULL,NORMAL,24870.1,0.00,0.0,0.0,9759.93,9769.53,1,PASS,PASS,21,5
TP_Integrated_EA,5.0.0.2_MASTER,2025.10.17 21:55,NAS100,-1,SELL,81.00,40.00,-75.05,-118.01,-1365.26,0.00,624.23,29.21,-2772.68,2233.18,-55.86,-10.00,994.08,BEAR,NORMAL,24844.6,0.00,0.0,0.0,9759.93,9744.80,1,PASS,PASS,21,5
TP_Integrated_EA,5.0.0.2_MASTER,2025.10.17 22:55,NAS100,-1,SELL,81.00,80.00,-487.09,-4804.03,-428.60,0.00,399.66,31.05,10.32,3295.87,-15.56,-20.00,935.80,BEAR,LOW,24852.9,0.00,0.0,0.0,9744.80,9733.45,1,PASS,PASS,22,5
TP_Integrated_EA,5.0.0.2_MASTER,2025.10.17 23:15,NAS100,1,BUY,81.00,60.00,99.96,1487.47,3978.34,0.00,880.32,93.05,1598.50,177.62,78.82,0.00,-240.26,BULL,LOW,24863.8,0.00,0.0,0.0,9744.80,9722.88,1,PASS,PASS,23,5
TP_Integrated_EA,5.0.0.2_MASTER,2025.10.20 01:35,NAS100,-1,SELL,81.00,60.00,-37.26,-1350.76,-3337.85,0.00,13.15,25.30,-4705.42,-662.71,-85.37,-10.00,467.43,BEAR,LOW,24906.4,0.00,0.0,0.0,9722.88,9748.24,1,PASS,PASS,1,1
TP_Integrated_EA,5.0.0.2_MASTER,2025.10.20 02:10,NAS100,-1,SELL,81.00,80.00,-148.23,-3763.96,-3814.53,0.00,-620.75,16.05,-2357.22,-2720.08,-155.83,0.00,-678.77,BEAR,LOW,24900.4,0.00,0.0,0.0,9748.24,9752.12,1,PASS,PASS,2,1
TP_Integrated_EA,5.0.0.2_MASTER,2025.10.20 05:35,NAS100,1,BUY,81.00,60.00,68.88,1352.76,2041.83,0.00,206.19,91.18,2076.27,2352.15,142.90,-10.00,549.74,BULL,NORMAL,24908.4,0.00,0.0,0.0,9748.24,9742.03,1,PASS,PASS,5,1
TP_Integrated_EA,5.0.0.2_MASTER,2025.10.20 06:15,NAS100,1,BUY,89.00,80.00,253.68,4057.42,723.73,0.00,109.61,96.45,-7.76,328.31,11.73,0.00,174.50,BULL,NORMAL,24920.9,0.00,0.0,0.0,9742.03,9749.89,1,PASS,PASS,6,1
TP_Integrated_EA,5.0.0.2_MASTER,2025.10.20 06:40,NAS100,1,BUY,89.00,80.00,201.61,4610.59,684.79,0.00,160.12,96.45,-92.48,333.55,1.07,20.00,163.31,BULL,LOW,24931.9,0.00,0.0,0.0,9742.03,9760.56,1,PASS,PASS,6,1
TP_Integrated_EA,5.0.0.2_MASTER,2025.10.20 07:45,NAS100,-1,SELL,83.67,60.00,-58.79,-1063.38,-3882.98,0.00,-369.48,15.66,-2858.53,485.18,-19.50,-10.00,475.25,BEAR,NORMAL,24962.2,0.00,0.0,0.0,9742.03,9789.95,1,PASS,PASS,7,1
TP_Integrated_EA,5.0.0.2_MASTER,2025.10.20 09:05,NAS100,-1,SELL,83.67,80.00,-143.80,-4778.94,-4254.53,0.00,-655.67,16.18,-2418.85,-3453.15,-137.51,0.00,-957.35,BEAR,NORMAL,24955.4,0.00,0.0,0.0,9789.95,9792.76,1,PASS,PASS,9,1
TP_Integrated_EA,5.0.0.2_MASTER,2025.10.20 09:30,NAS100,1,BUY,83.67,60.00,24.72,586.14,3569.54,0.00,733.04,88.67,3034.51,2656.29,70.68,-10.00,381.30,BULL,NORMAL,24966.2,0.00,0.0,0.0,9789.95,9782.29,1,PASS,PASS,9,1
TP_Integrated_EA,5.0.0.2_MASTER,2025.10.20 11:20,NAS100,-1,SELL,83.67,80.00,-349.62,-7619.64,-3501.40,0.00,-469.82,16.18,-942.54,-839.24,-13.05,0.00,-359.50,BEAR,NORMAL,24957.9,0.00,0.0,0.0,9782.29,9770.46,1,PASS,PASS,11,1
TP_Integrated_EA,5.0.0.2_MASTER,2025.10.20 11:50,NAS100,-1,SELL,86.33,80.00,-352.54,-8660.50,-1181.52,0.00,-145.90,16.32,-426.44,-2655.32,-5.33,20.00,-1004.05,BEAR,NORMAL,24933.2,0.00,0.0,0.0,9770.46,9790.64,1,PASS,PASS,11,1
TP_Integrated_EA,5.0.0.2_MASTER,2025.10.20 12:20,NAS100,1,BUY,86.33,80.00,202.91,2468.69,2888.49,0.00,21.48,90.43,2885.44,1229.31,135.56,0.00,138.09,BULL,NORMAL,24958.2,0.00,0.0,0.0,9770.46,9766.39,1,PASS,PASS,12,1
TP_Integrated_EA,5.0.0.2_MASTER,2025.10.20 16:30,NAS100,-1,SELL,86.33,60.00,-39.92,-114.81,-3719.77,0.00,-72.30,21.93,-4290.86,-2278.80,-40.54,0.00,-259.24,BEAR,NORMAL,24977.9,0.00,0.0,0.0,9766.39,9781.72,1,PASS,PASS,16,1
TP_Integrated_EA,5.0.0.2_MASTER,2025.10.20 16:35,NAS100,1,BUY,86.33,80.00,328.93,11854.11,5657.89,0.00,1586.39,96.32,279.01,7030.57,51.81,20.00,2474.65,BULL,NORMAL,25043.8,0.00,0.0,0.0,9781.72,9714.30,1,PASS,PASS,16,1
TP_Integrated_EA,5.0.0.2_MASTER,2025.10.20 17:50,NAS100,1,BUY,86.33,80.00,1155.43,13755.66,410.33,0.00,30.69,91.12,-151.88,-3431.43,-122.85,-10.00,-1222.22,BULL,HIGH,25168.8,0.00,0.0,0.0,9811.30,9811.30,0,PASS,PASS,17,1
TP_Integrated_EA,5.0.0.2_MASTER,2025.10.20 23:25,NAS100,1,BUY,83.67,80.00,140.01,1581.22,1962.49,0.00,233.36,96.18,2473.00,2053.84,158.01,-20.00,344.99,BULL,NORMAL,25176.8,0.00,0.0,0.0,9811.30,9815.61,1,PASS,PASS,23,1
TP_Integrated_EA,5.0.0.2_MASTER,2025.10.20 23:50,NAS100,1,BUY,91.67,80.00,257.55,1724.85,190.90,0.00,-37.15,85.66,-86.30,259.17,17.72,10.00,181.28,BULL,NORMAL,25181.8,0.00,0.0,0.0,9811.30,9820.51,1,PASS,PASS,23,1
TP_Integrated_EA,5.0.0.2_MASTER,2025.10.21 01:15,NAS100,-1,SELL,86.33,80.00,-108.94,-2593.08,-2181.22,0.00,-297.56,16.32,-1664.19,-1337.74,-118.95,10.00,-255.35,BEAR,NORMAL,25171.3,0.00,0.0,0.0,9811.30,9805.96,1,PASS,PASS,1,2
TP_Integrated_EA,5.0.0.2_MASTER,2025.10.21 01:25,NAS100,1,BUY,81.00,80.00,56.51,277.33,1860.32,0.00,665.41,93.44,121.70,1612.95,-31.73,-10.00,510.95,BULL,NORMAL,25182.1,0.00,0.0,0.0,9805.96,9790.87,1,PASS,PASS,1,2
TP_Integrated_EA,5.0.0.2_MASTER,2025.10.21 03:05,NAS100,-1,SELL,83.67,80.00,-189.52,-6816.47,-70.46,0.00,705.38,40.25,-1112.60,1967.35,-46.18,10.00,650.54,BEAR,NORMAL,25174.6,0.00,0.0,0.0,9790.87,9779.13,1,PASS,PASS,3,2
TP_Integrated_EA,5.0.0.2_MASTER,2025.10.21 03:40,NAS100,1,BUY,83.67,80.00,184.68,6302.73,1682.27,0.00,-22.93,86.96,634.44,-2648.99,4.60,-20.00,-871.58,BULL,NORMAL,25203.0,0.00,0.0,0.0,9779.13,9747.12,1,PASS,PASS,3,2
TP_Integrated_EA,5.0.0.2_MASTER,2025.10.21 04:05,NAS100,1,BUY,83.67,80.00,173.20,4529.80,517.12,0.00,146.52,96.18,-322.01,700.77,18.88,10.00,349.26,BULL,NORMAL,25211.1,0.00,0.0,0.0,9747.12,9750.52,1,PASS,PASS,4,2
TP_Integrated_EA,5.0.0.2_MASTER,2025.10.21 04:35,NAS100,-1,SELL,78.33,80.00,-120.90,-2712.02,-2764.12,0.00,-292.32,15.92,-1910.64,-1249.33,-54.59,10.00,-245.11,BEAR,NORMAL,25197.6,0.00,0.0,0.0,9747.12,9737.42,1,PASS,PASS,4,2
TP_Integrated_EA,5.0.0.2_MASTER,2025.10.21 04:55,NAS100,1,BUY,75.67,80.00,66.84,2347.54,3272.50,0.00,766.17,93.79,1809.37,2837.84,78.87,-10.00,662.51,BULL,NORMAL,25209.8,0.00,0.0,0.0,9737.42,9721.12,1,PASS,PASS,4,2
TP_Integrated_EA,5.0.0.2_MASTER,2025.10.21 05:15,NAS100,1,BUY,83.67,80.00,176.99,6069.07,1381.98,0.00,-14.40,87.60,1010.02,-240.39,24.17,10.00,-109.97,BULL,NORMAL,25219.6,0.00,0.0,0.0,9721.12,9726.16,1,PASS,PASS,5,2
TP_Integrated_EA,5.0.0.2_MASTER,2025.10.21 05:45,NAS100,-1,SELL,89.00,60.00,-22.18,-1219.67,-5628.97,0.00,-1145.45,18.12,-2453.39,-2506.93,-31.97,0.00,-524.80,BEAR,NORMAL,25212.1,0.00,0.0,0.0,9721.12,9718.89,1,PASS,PASS,5,2
TP_Integrated_EA,5.0.0.2_MASTER,2025.10.21 06:15,NAS100,1,BUY,83.67,80.00,45.52,1464.70,2280.57,0.00,493.57,92.91,1429.30,-0.28,36.20,-30.00,-338.91,BULL,NORMAL,25218.3,0.00,0.0,0.0,9718.89,9708.41,1,PASS,PASS,6,2
TP_Integrated_EA,5.0.0.2_MASTER,2025.10.21 08:50,NAS100,-1,SELL,83.67,80.00,-232.07,-6154.42,-1285.54,0.00,-224.73,16.18,-457.52,1409.78,-16.22,10.00,582.79,BEAR,NORMAL,25152.6,0.00,0.0,0.0,9708.41,9640.22,1,PASS,PASS,8,2
TP_Integrated_EA,5.0.0.2_MASTER,2025.10.21 09:05,NAS100,-1,SELL,86.33,80.00,-256.38,-5914.32,-201.39,0.00,32.30,26.24,368.87,345.55,7.95,10.00,24.12,BEAR,NORMAL,25142.4,0.00,0.0,0.0,9640.22,9646.08,1,PASS,PASS,9,2
TP_Integrated_EA,5.0.0.2_MASTER,2025.10.21 09:15,NAS100,-1,SELL,86.33,80.00,-302.14,-9077.69,-3484.80,0.00,-830.96,16.32,-514.57,10.44,-32.30,0.00,56.57,BEAR,NORMAL,25134.1,0.00,0.0,0.0,9640.22,9654.04,1,PASS,PASS,9,2
TP_Integrated_EA,5.0.0.2_MASTER,2025.10.21 09:40,NAS100,-1,SELL,83.67,80.00,-177.18,-1132.98,-769.01,0.00,-684.64,16.18,1442.86,-252.25,32.09,-10.00,-202.09,BEAR,NORMAL,25145.6,0.00,0.0,0.0,9640.22,9643.00,1,PASS,PASS,9,2
TP_Integrated_EA,5.0.0.2_MASTER,2025.10.21 11:50,NAS100,1,BUY,81.00,80.00,142.41,1469.67,1352.34,0.00,25.10,90.43,1459.58,-697.63,115.72,0.00,-476.85,BULL,NORMAL,25137.2,0.00,0.0,0.0,9640.22,9651.07,1,PASS,PASS,11,2
TP_Integrated_EA,5.0.0.2_MASTER,2025.10.21 12:10,NAS100,1,BUY,83.67,80.00,261.84,2305.49,2166.38,0.00,471.94,96.18,316.12,723.02,66.06,20.00,284.42,BULL,NORMAL,25142.5,0.00,0.0,0.0,9651.07,9652.22,1,PASS,PASS,12,2
TP_Integrated_EA,5.0.0.2_MASTER,2025.10.21 12:35,NAS100,1,BUY,89.00,80.00,277.96,5354.40,747.22,0.00,12.21,89.87,223.33,-3.84,-2.24,10.00,77.08,BULL,NORMAL,25156.5,0.00,0.0,0.0,9651.07,9665.66,1,PASS,PASS,12,2
TP_Integrated_EA,5.0.0.2_MASTER,2025.10.21 12:55,NAS100,1,BUY,83.67,80.00,137.27,1119.67,18.12,0.00,328.83,83.45,-1621.93,-1744.39,-55.38,-10.00,-422.52,BULL,NORMAL,25149.5,0.00,0.0,0.0,9651.07,9658.94,1,PASS,PASS,12,2
TP_Integrated_EA,5.0.0.2_MASTER,2025.10.21 13:00,NAS100,-1,SELL,83.67,60.00,-31.81,-634.22,-1524.95,0.00,-110.22,17.27,-1324.93,456.93,-37.38,10.00,327.15,BEAR,NORMAL,25145.7,0.00,0.0,0.0,9651.07,9655.29,1,PASS,PASS,13,2
TP_Integrated_EA,5.0.0.2_MASTER,2025.10.21 14:10,NAS100,-1,SELL,86.33,60.00,-9.04,-428.19,-2709.06,0.00,-837.05,18.77,-325.77,-320.71,-0.58,0.00,31.62,BEAR,NORMAL,25138.8,0.00,0.0,0.0,9655.29,9657.98,1,PASS,PASS,14,2
TP_Integrated_EA,5.0.0.2_MASTER,2025.10.21 16:45,NAS100,-1,SELL,83.67,100.00,-359.85,-9016.10,-5816.54,0.00,-1496.82,19.18,-453.39,-1005.65,-9.33,0.00,-315.16,BEAR,NORMAL,25119.6,0.00,0.0,0.0,9655.29,9676.89,1,PASS,PASS,16,2
TP_Integrated_EA,5.0.0.2_MASTER,2025.10.21 17:20,NAS100,1,BUY,83.67,60.00,196.03,2345.46,8468.72,0.00,1589.06,93.18,3773.47,2487.20,147.59,10.00,355.34,BULL,HIGH,25133.3,0.00,0.0,0.0,9655.29,9663.74,1,PASS,PASS,17,2
TP_Integrated_EA,5.0.0.2_MASTER,2025.10.21 17:50,NAS100,1,BUY,86.33,80.00,376.98,2495.84,3148.04,0.00,456.92,96.32,1545.22,4595.75,286.46,-20.00,1543.10,BULL,HIGH,25120.3,0.00,0.0,0.0,9663.74,9647.80,1,PASS,PASS,17,2
TP_Integrated_EA,5.0.0.2_MASTER,2025.10.21 18:30,NAS100,-1,SELL,83.67,40.00,-55.61,-205.44,-1470.93,0.00,-15.31,19.20,-1174.98,2254.31,-157.00,-10.00,971.64,BEAR,HIGH,25141.8,0.00,0.0,0.0,9663.74,9668.44,1,PASS,PASS,18,2
TP_Integrated_EA,5.0.0.2_MASTER,2025.10.21 18:50,NAS100,1,BUY,83.67,80.00,1292.49,4955.87,1480.18,0.00,140.18,96.18,1688.52,1947.23,321.35,10.00,428.18,BULL,HIGH,25172.1,0.00,0.0,0.0,9668.44,9635.90,1,PASS,PASS,18,2
TP_Integrated_EA,5.0.0.2_MASTER,2025.10.22 01:01,NAS100,1,BUY,81.00,100.00,311.52,3441.79,2751.41,0.00,307.27,99.05,440.11,-823.08,10.02,-20.00,-98.29,BULL,NORMAL,25147.2,0.00,0.0,0.0,9635.90,9604.36,1,PASS,PASS,1,3
TP_Integrated_EA,5.0.0.2_MASTER,2025.10.22 04:55,NAS100,1,BUY,86.33,80.00,202.71,4811.18,1515.33,0.00,363.88,96.32,141.92,704.09,39.38,10.00,279.40,BULL,NORMAL,25120.5,0.00,0.0,0.0,9635.90,9578.73,1,PASS,PASS,4,3
TP_Integrated_EA,5.0.0.2_MASTER,2025.10.22 05:10,NAS100,1,BUY,86.33,80.00,237.10,7958.37,608.01,0.00,-147.63,81.32,449.05,-1461.13,3.25,0.00,-525.29,BULL,NORMAL,25134.8,0.00,0.0,0.0,9635.90,9592.46,1,PASS,PASS,5,3
TP_Integrated_EA,5.0.0.2_MASTER,2025.10.22 05:20,NAS100,1,BUY,91.67,80.00,201.06,8885.74,1900.37,0.00,404.19,96.58,43.67,-1430.24,-23.61,-20.00,-444.30,BULL,NORMAL,25140.1,0.00,0.0,0.0,9635.90,9597.54,1,PASS,PASS,5,3
TP_Integrated_EA,5.0.0.2_MASTER,2025.10.22 05:50,NAS100,-1,SELL,81.00,40.00,-11.27,-24.15,-2140.55,0.00,28.45,35.50,-2293.97,-84.51,-16.23,0.00,217.03,BEAR,NORMAL,25139.3,0.00,0.0,0.0,9635.90,9596.78,1,PASS,PASS,5,3
TP_Integrated_EA,5.0.0.2_MASTER,2025.10.22 06:40,NAS100,-1,SELL,75.67,80.00,-142.66,-6108.35,-896.56,0.00,-270.14,15.78,546.35,1032.56,-4.45,-10.00,208.96,BEAR,NORMAL,25115.0,0.00,0.0,0.0,9596.78,9615.50,1,PASS,PASS,6,3
TP_Integrated_EA,5.0.0.2_MASTER,2025.10.22 06:55,NAS100,1,BUY,81.00,80.00,67.59,3629.18,4563.58,0.00,586.49,94.11,3271.73,3447.11,72.73,-10.00,852.45,BULL,NORMAL,25130.8,0.00,0.0,0.0,9596.78,9600.49,1,PASS,PASS,6,3
TP_Integrated_EA,5.0.0.2_MASTER,2025.10.22 10:40,NAS100,1,BUY,81.00,80.00,141.77,1226.90,1751.32,0.00,-239.99,81.05,3029.60,-1547.46,84.81,-10.00,-969.66,BULL,NORMAL,25166.8,0.00,0.0,0.0,9600.49,9630.63,1,PASS,PASS,10,3
TP_Integrated_EA,5.0.0.2_MASTER,2025.10.22 10:45,NAS100,-1,SELL,83.67,60.00,-27.19,-368.98,-1307.71,0.00,-951.76,17.55,1236.82,-2758.12,127.98,20.00,-1038.52,BEAR,NORMAL,25162.1,0.00,0.0,0.0,9600.49,9626.12,1,PASS,PASS,10,3
TP_Integrated_EA,5.0.0.2_MASTER,2025.10.22 10:55,NAS100,-1,SELL,81.00,60.00,-55.42,-141.54,-422.14,0.00,-399.52,16.43,-174.09,23.50,-25.28,-10.00,218.85,BEAR,NORMAL,25165.6,0.00,0.0,0.0,9626.12,9618.82,1,PASS,PASS,10,3
TP_Integrated_EA,5.0.0.2_MASTER,2025.10.22 11:00,NAS100,1,BUY,78.33,60.00,55.91,90.48,741.58,0.00,78.52,83.70,-50.68,189.87,-15.18,0.00,203.86,BULL,NORMAL,25164.3,0.00,0.0,0.0,9626.12,9620.07,1,PASS,PASS,11,3
TP_Integrated_EA,5.0.0.2_MASTER,2025.10.22 11:05,NAS100,-1,SELL,81.00,80.00,-235.76,-1452.83,-651.82,0.00,-201.42,16.05,-581.00,-815.88,-133.18,0.00,-141.75,BEAR,NORMAL,25157.8,0.00,0.0,0.0,9620.07,9609.89,1,PASS,PASS,11,3
TP_Integrated_EA,5.0.0.2_MASTER,2025.10.22 12:15,NAS100,-1,SELL,81.00,80.00,-278.02,-6177.80,-2593.12,0.00,-687.96,16.05,-829.58,-415.29,-73.20,10.00,22.84,BEAR,NORMAL,25113.8,0.00,0.0,0.0,9609.89,9648.19,1,PASS,PASS,12,3
TP_Integrated_EA,5.0.0.2_MASTER,2025.10.22 13:45,NAS100,1,BUY,86.33,80.00,288.21,9073.72,1338.00,0.00,152.81,96.32,233.14,-166.91,-26.84,10.00,0.18,BULL,NORMAL,25171.1,0.00,0.0,0.0,9609.89,9593.19,1,PASS,PASS,13,3
TP_Integrated_EA,5.0.0.2_MASTER,2025.10.22 14:05,NAS100,-1,SELL,89.00,80.00,-123.73,-7053.72,-7590.08,0.00,-1061.00,16.45,-4840.91,-4727.66,-112.06,10.00,-1096.79,BEAR,NORMAL,25130.6,0.00,0.0,0.0,9593.19,9550.82,1,PASS,PASS,14,3
TP_Integrated_EA,5.0.0.2_MASTER,2025.10.22 14:40,NAS100,-1,SELL,86.33,80.00,-306.00,-13081.05,-3876.58,0.00,-886.17,16.32,-645.55,-3793.98,-40.45,0.00,-1410.01,BEAR,NORMAL,25085.1,0.00,0.0,0.0,9550.82,9590.15,1,PASS,PASS,14,3
TP_Integrated_EA,5.0.0.2_MASTER,2025.10.22 16:15,NAS100,1,BUY,81.00,80.00,360.11,3205.46,1892.58,0.00,586.20,96.05,70.21,2068.41,-0.99,10.00,747.00,BULL,NORMAL,25139.8,0.00,0.0,0.0,9550.82,9538.18,1,PASS,PASS,16,3
TP_Integrated_EA,5.0.0.2_MASTER,2025.10.22 17:25,NAS100,-1,SELL,83.67,80.00,-1221.00,-11996.75,-4416.57,0.00,-368.53,16.18,-1989.41,2967.30,-349.96,10.00,1254.95,BEAR,HIGH,25060.8,0.00,0.0,0.0,9443.18,9443.18,0,PASS,PASS,17,3
TP_Integrated_EA,5.0.0.2_MASTER,2025.10.22 18:00,NAS100,1,BUY,83.67,60.00,349.61,1406.40,13238.01,0.00,2191.38,93.18,8325.49,2797.46,299.15,0.00,-333.00,BULL,HIGH,25033.8,0.00,0.0,0.0,9536.18,9536.18,0,PASS,PASS,18,3
TP_Integrated_EA,5.0.0.2_MASTER,2025.10.22 18:20,NAS100,-1,SELL,89.00,80.00,-866.80,-4965.84,-6572.68,0.00,-2235.83,16.45,-2738.50,-5853.76,-629.60,-20.00,-1197.42,BEAR,HIGH,24982.4,0.00,0.0,0.0,9536.18,9483.93,1,PASS,PASS,18,3
TP_Integrated_EA,5.0.0.2_MASTER,2025.10.22 19:10,NAS100,-1,SELL,83.67,60.00,-398.43,-2276.12,-5343.81,0.00,-1872.18,13.18,-2067.72,-5499.35,-206.79,-10.00,-1295.67,BEAR,HIGH,24935.9,0.00,0.0,0.0,9576.93,9576.93,0,PASS,PASS,19,3
TP_Integrated_EA,5.0.0.2_MASTER,2025.10.22 19:25,NAS100,-1,SELL,86.33,80.00,-1459.51,-8458.76,-2778.36,0.00,-230.08,16.32,-2032.38,1145.09,-561.54,20.00,692.56,BEAR,NORMAL,24891.7,0.00,0.0,0.0,9576.93,9615.69,1,PASS,PASS,19,3
TP_Integrated_EA,5.0.0.2_MASTER,2025.10.22 21:25,NAS100,1,BUY,83.67,80.00,643.37,6457.39,5224.68,0.00,534.05,96.18,1129.13,-89.31,38.91,10.00,141.15,BULL,NORMAL,24804.9,0.00,0.0,0.0,9671.93,9671.93,0,PASS,PASS,21,3
TP_Integrated_EA,5.0.0.2_MASTER,2025.10.22 22:20,NAS100,1,BUY,83.67,80.00,1174.76,12070.19,751.43,0.00,-189.59,81.18,1210.58,-1458.94,107.06,0.00,-635.37,BULL,NORMAL,24866.9,0.00,0.0,0.0,9671.93,9728.19,1,PASS,PASS,22,3
TP_Integrated_EA,5.0.0.2_MASTER,2025.10.22 22:40,NAS100,1,BUY,86.33,80.00,1009.06,13276.30,2360.38,0.00,463.76,96.32,1003.60,2364.78,125.78,20.00,780.32,BULL,NORMAL,24915.7,0.00,0.0,0.0,9767.93,9767.93,0,PASS,PASS,22,3
TP_Integrated_EA,5.0.0.2_MASTER,2025.10.22 23:05,NAS100,1,BUY,83.67,80.00,677.58,6378.87,632.81,0.00,500.66,96.18,-1057.02,2267.95,82.01,20.00,910.31,BULL,NORMAL,24916.2,0.00,0.0,0.0,9767.93,9765.12,1,PASS,PASS,23,3
TP_Integrated_EA,5.0.0.2_MASTER,2025.10.23 02:10,NAS100,1,BUY,86.33,80.00,375.33,5378.44,2297.37,0.00,471.14,96.32,834.25,717.96,38.38,10.00,156.86,BULL,LOW,24933.4,0.00,0.0,0.0,9767.93,9777.58,1,PASS,PASS,2,4
TP_Integrated_EA,5.0.0.2_MASTER,2025.10.23 02:30,NAS100,-1,SELL,81.00,80.00,-134.51,-2006.33,-2233.32,0.00,-175.57,16.05,-2011.56,-1691.07,-136.91,0.00,-336.72,BEAR,LOW,24915.1,0.00,0.0,0.0,9767.93,9759.83,1,PASS,PASS,2,4
TP_Integrated_EA,5.0.0.2_MASTER,2025.10.23 02:40,NAS100,-1,SELL,81.00,80.00,-276.38,-4987.19,-2770.17,0.00,-278.85,16.05,-1315.95,1558.46,-111.31,10.00,658.46,BEAR,LOW,24903.1,0.00,0.0,0.0,9759.83,9767.20,1,PASS,PASS,2,4
TP_Integrated_EA,5.0.0.2_MASTER,2025.10.23 03:20,NAS100,1,BUY,83.67,60.00,49.06,2352.71,14739.30,0.00,3466.38,90.13,5387.63,5620.02,63.57,0.00,1058.04,BULL,LOW,24895.4,0.00,0.0,0.0,9759.83,9774.67,1,PASS,PASS,3,4
TP_Integrated_EA,5.0.0.2_MASTER,2025.10.23 04:35,NAS100,1,BUY,83.67,80.00,370.99,11856.48,1230.85,0.00,62.64,93.38,685.15,1624.67,30.37,10.00,591.49,BULL,NORMAL,24968.8,0.00,0.0,0.0,9774.67,9841.60,1,PASS,PASS,4,4
TP_Integrated_EA,5.0.0.2_MASTER,2025.10.23 06:50,NAS100,-1,SELL,83.67,80.00,-165.98,-6546.00,-228.81,0.00,365.90,31.18,-705.09,2206.12,-0.70,-20.00,735.62,BEAR,NORMAL,24954.1,0.00,0.0,0.0,9774.67,9827.34,1,PASS,PASS,6,4
TP_Integrated_EA,5.0.0.2_MASTER,2025.10.23 12:15,NAS100,-1,SELL,81.00,80.00,-342.61,-5437.72,-2642.19,0.00,-619.74,16.05,-218.76,-1133.36,-51.47,10.00,-474.38,BEAR,NORMAL,24937.6,0.00,0.0,0.0,9827.34,9839.69,1,PASS,PASS,12,4
TP_Integrated_EA,5.0.0.2_MASTER,2025.10.23 13:20,NAS100,1,BUY,81.00,80.00,363.37,2790.39,892.08,0.00,-95.70,81.37,135.38,-821.87,53.48,-10.00,-136.54,BULL,NORMAL,24936.6,0.00,0.0,0.0,9827.34,9840.67,1,PASS,PASS,13,4
TP_Integrated_EA,5.0.0.2_MASTER,2025.10.23 14:05,NAS100,-1,SELL,91.67,80.00,-334.02,-8209.60,-1864.27,0.00,-34.80,21.47,-1246.10,-1451.34,20.58,10.00,-478.18,BEAR,NORMAL,24888.9,0.00,0.0,0.0,9840.67,9790.10,1,PASS,PASS,14,4
TP_Integrated_EA,5.0.0.2_MASTER,2025.10.23 14:45,NAS100,-1,SELL,83.67,80.00,-308.17,-8200.68,-3566.33,0.00,-1136.80,16.18,-123.40,-4081.13,-44.49,10.00,-1422.56,BEAR,NORMAL,24859.6,0.00,0.0,0.0,9790.10,9814.74,1,PASS,PASS,14,4
TP_Integrated_EA,5.0.0.2_MASTER,2025.10.23 15:05,NAS100,-1,SELL,83.67,80.00,-478.43,-12703.00,-463.10,0.00,292.91,31.18,-1225.21,1077.83,-40.24,0.00,468.96,BEAR,NORMAL,24831.4,0.00,0.0,0.0,9790.10,9842.09,1,PASS,PASS,15,4
TP_Integrated_EA,5.0.0.2_MASTER,2025.10.23 15:40,NAS100,-1,SELL,78.33,80.00,-267.12,-5894.87,-1360.72,0.00,-807.13,15.92,823.53,-814.94,33.95,-20.00,-303.17,BEAR,NORMAL,24809.4,0.00,0.0,0.0,9790.10,9863.43,1,PASS,PASS,15,4
TP_Integrated_EA,5.0.0.2_MASTER,2025.10.23 15:50,NAS100,1,BUY,78.33,80.00,127.90,2658.04,5993.87,0.00,1092.12,95.92,1886.21,600.72,15.39,10.00,98.84,BULL,NORMAL,24850.9,0.00,0.0,0.0,9790.10,9823.18,1,PASS,PASS,15,4
TP_Integrated_EA,5.0.0.2_MASTER,2025.10.23 17:20,NAS100,-1,SELL,78.33,60.00,-351.28,-1776.55,-9747.63,0.00,-736.18,12.92,-8108.41,59.82,-121.08,0.00,1066.50,BEAR,HIGH,24965.6,0.00,0.0,0.0,9921.18,9921.18,0,PASS,PASS,17,4
TP_Integrated_EA,5.0.0.2_MASTER,2025.10.23 17:35,NAS100,1,BUY,81.00,80.00,1500.50,10008.55,6576.23,0.00,2453.67,96.05,1124.47,1662.81,472.70,20.00,-51.43,BULL,HIGH,25033.8,0.00,0.0,0.0,9921.18,9850.10,1,PASS,PASS,17,4
TP_Integrated_EA,5.0.0.2_MASTER,2025.10.23 17:50,NAS100,1,BUY,81.00,80.00,1378.91,10800.94,38.64,0.00,-141.61,69.75,-379.96,-3208.37,-49.96,0.00,-1167.53,BULL,HIGH,25066.8,0.00,0.0,0.0,9850.10,9878.91,1,PASS,PASS,17,4
TP_Integrated_EA,5.0.0.2_MASTER,2025.10.23 20:40,NAS100,1,BUY,81.00,80.00,194.44,7304.81,7343.21,0.00,1759.25,96.05,2244.05,4186.82,128.32,0.00,1108.72,BULL,NORMAL,25140.3,0.00,0.0,0.0,9948.10,9948.10,0,PASS,PASS,20,4
TP_Integrated_EA,5.0.0.2_MASTER,2025.10.23 23:35,NAS100,1,BUY,83.67,80.00,349.97,6159.04,3141.78,0.00,507.75,96.18,842.03,1001.23,9.40,0.00,367.97,BULL,NORMAL,25156.8,0.00,0.0,0.0,9948.10,9960.87,1,PASS,PASS,23,4
TP_Integrated_EA,5.0.0.2_MASTER,2025.10.23 23:55,NAS100,-1,SELL,81.00,60.00,-48.95,-858.14,-3114.23,0.00,-552.38,16.11,-2058.27,-1851.96,-57.43,-10.00,-309.11,BEAR,NORMAL,25142.5,0.00,0.0,0.0,9948.10,9946.71,1,PASS,PASS,23,4
TP_Integrated_EA,5.0.0.2_MASTER,2025.10.24 01:40,NAS100,1,BUY,83.67,80.00,248.79,4759.41,799.28,0.00,222.40,96.18,-38.11,854.66,16.20,10.00,343.48,BULL,LOW,25174.5,0.00,0.0,0.0,9946.71,9912.18,1,PASS,PASS,1,5
TP_Integrated_EA,5.0.0.2_MASTER,2025.10.24 02:05,NAS100,1,BUY,78.33,80.00,71.01,499.32,1708.63,0.00,793.61,94.18,-817.62,1564.55,-61.82,0.00,604.57,BULL,LOW,25169.3,0.00,0.0,0.0,9912.18,9902.48,1,PASS,PASS,2,5
TP_Integrated_EA,5.0.0.2_MASTER,2025.10.24 02:25,NAS100,1,BUY,78.33,80.00,135.66,1926.48,20.85,0.00,-68.47,70.74,247.82,-959.48,-2.76,-10.00,-389.14,BULL,LOW,25170.8,0.00,0.0,0.0,9912.18,9903.96,1,PASS,PASS,2,5
TP_Integrated_EA,5.0.0.2_MASTER,2025.10.24 04:05,NAS100,1,BUY,78.33,80.00,153.46,3755.94,2280.29,0.00,475.00,95.92,679.76,2180.76,30.48,20.00,763.16,BULL,LOW,25179.0,0.00,0.0,0.0,9912.18,9912.08,1,PASS,PASS,4,5
TP_Integrated_EA,5.0.0.2_MASTER,2025.10.24 04:35,NAS100,-1,SELL,78.33,60.00,-22.85,-2361.22,-4753.32,0.00,-714.17,17.55,-3901.59,-2881.30,-29.57,0.00,-416.77,BEAR,NORMAL,25174.0,0.00,0.0,0.0,9912.18,9907.13,1,PASS,PASS,4,5
TP_Integrated_EA,5.0.0.2_MASTER,2025.10.24 04:50,NAS100,1,BUY,81.00,60.00,19.15,434.38,2644.17,0.00,1038.70,88.20,295.00,3401.66,-19.36,0.00,1008.15,BULL,NORMAL,25181.3,0.00,0.0,0.0,9907.13,9895.35,1,PASS,PASS,4,5
TP_Integrated_EA,5.0.0.2_MASTER,2025.10.24 05:20,NAS100,1,BUY,83.67,80.00,136.58,4623.91,1555.92,0.00,375.80,96.18,-249.48,303.73,10.92,20.00,222.43,BULL,NORMAL,25196.0,0.00,0.0,0.0,9895.35,9905.25,1,PASS,PASS,5,5
TP_Integrated_EA,5.0.0.2_MASTER,2025.10.24 05:45,NAS100,-1,SELL,86.33,80.00,-74.79,-4640.85,-5149.00,0.00,-843.84,17.83,-2941.88,-2146.78,-63.11,0.00,-375.26,BEAR,NORMAL,25178.0,0.00,0.0,0.0,9895.35,9887.61,1,PASS,PASS,5,5
TP_Integrated_EA,5.0.0.2_MASTER,2025.10.24 06:10,NAS100,-1,SELL,81.00,80.00,-112.74,-2517.71,-357.09,0.00,-52.34,19.62,1019.26,538.00,35.72,-20.00,-77.07,BEAR,NORMAL,25181.8,0.00,0.0,0.0,9887.61,9879.38,1,PASS,PASS,6,5
TP_Integrated_EA,5.0.0.2_MASTER,2025.10.24 06:20,NAS100,1,BUY,81.00,80.00,59.30,2510.80,3380.03,0.00,654.92,93.61,1299.69,2082.70,33.93,10.00,580.74,BULL,NORMAL,25194.2,0.00,0.0,0.0,9887.61,9867.23,1,PASS,PASS,6,5
TP_Integrated_EA,5.0.0.2_MASTER,2025.10.24 08:25,NAS100,1,BUY,81.00,80.00,107.89,3150.20,1422.07,0.00,301.41,96.05,273.77,1095.05,15.02,10.00,391.34,BULL,NORMAL,25210.9,0.00,0.0,0.0,9867.23,9879.09,1,PASS,PASS,8,5
TP_Integrated_EA,5.0.0.2_MASTER,2025.10.24 10:15,NAS100,-1,SELL,81.00,80.00,-176.00,-2821.16,-1146.22,0.00,-122.63,16.05,-299.87,-1436.64,-42.64,0.00,-611.51,BEAR,NORMAL,25225.8,0.00,0.0,0.0,9867.23,9893.69,1,PASS,PASS,10,5
TP_Integrated_EA,5.0.0.2_MASTER,2025.10.24 10:50,NAS100,-1,SELL,81.00,80.00,-153.03,-3441.35,-4388.76,0.00,-1463.37,16.05,774.55,-2203.03,14.06,10.00,-888.81,BEAR,NORMAL,25211.0,0.00,0.0,0.0,9893.69,9904.18,1,PASS,PASS,10,5
TP_Integrated_EA,5.0.0.2_MASTER,2025.10.24 11:30,NAS100,1,BUY,81.00,100.00,135.54,1787.13,2515.55,0.00,218.77,99.05,1991.59,23.87,76.70,-10.00,-216.26,BULL,NORMAL,25217.5,0.00,0.0,0.0,9893.69,9897.81,1,PASS,PASS,11,5
TP_Integrated_EA,5.0.0.2_MASTER,2025.10.24 11:45,NAS100,1,BUY,86.33,80.00,268.79,3041.56,1496.16,0.00,38.72,91.72,749.09,649.36,52.37,0.00,274.42,BULL,NORMAL,25226.0,0.00,0.0,0.0,9897.81,9902.12,1,PASS,PASS,11,5
TP_Integrated_EA,5.0.0.2_MASTER,2025.10.24 13:35,NAS100,-1,SELL,81.00,80.00,-85.43,-733.82,-214.64,0.00,180.13,31.92,-1196.23,-833.45,-96.65,0.00,-162.31,BEAR,NORMAL,25254.8,0.00,0.0,0.0,9897.81,9930.35,1,PASS,PASS,13,5
TP_Integrated_EA,5.0.0.2_MASTER,2025.10.24 15:35,NAS100,1,BUY,81.00,80.00,469.45,20978.80,15635.10,0.00,3115.39,96.05,5907.71,11163.70,133.35,10.00,3307.39,BULL,HIGH,25351.0,0.00,0.0,0.0,9831.35,9831.35,0,PASS,PASS,15,5
TP_Integrated_EA,5.0.0.2_MASTER,2025.10.24 18:55,NAS100,-1,SELL,81.00,60.00,-47.26,-147.36,-2365.02,0.00,-258.85,16.43,-1690.25,2504.30,-80.81,0.00,1194.17,BEAR,NORMAL,25397.3,0.00,0.0,0.0,9831.35,9872.71,1,PASS,PASS,18,5
TP_Integrated_EA,5.0.0.2_MASTER,2025.10.24 23:35,NAS100,1,BUY,81.00,60.00,59.50,437.00,4174.57,0.00,491.58,90.62,3050.29,1982.88,43.49,0.00,348.52,BULL,NORMAL,25395.3,0.00,0.0,0.0,9872.71,9871.14,1,PASS,PASS,23,5
TP_Integrated_EA,5.0.0.2_MASTER,2025.10.24 23:45,NAS100,-1,SELL,86.33,60.00,-10.45,-221.32,-1728.58,0.00,-1147.20,18.69,1589.36,-2353.87,145.62,20.00,-908.06,BEAR,NORMAL,25384.8,0.00,0.0,0.0,9871.14,9857.32,1,PASS,PASS,23,5
TP_Integrated_EA,5.0.0.2_MASTER,2025.10.27 00:15,NAS100,1,BUY,86.33,100.00,145.79,19569.22,32258.71,0.00,9135.92,99.32,-1150.60,-1210.62,-152.19,-10.00,-83.53,BULL,NORMAL,25595.3,0.00,0.0,0.0,9857.32,9654.13,1,PASS,PASS,0,1
TP_Integrated_EA,5.0.0.2_MASTER,2025.10.27 03:55,NAS100,-1,SELL,81.00,80.00,-104.81,-2202.66,-2936.09,0.00,-782.23,16.05,-1100.01,-693.25,-64.37,-10.00,17.97,BEAR,LOW,25598.8,0.00,0.0,0.0,9764.38,9764.38,0,PASS,PASS,3,1
TP_Integrated_EA,5.0.0.2_MASTER,2025.10.27 04:20,NAS100,1,BUY,78.33,80.00,77.55,1226.76,962.90,0.00,34.88,89.69,1409.82,1519.01,77.40,-10.00,332.56,BULL,LOW,25608.5,0.00,0.0,0.0,9764.38,9750.51,1,PASS,PASS,4,1
TP_Integrated_EA,5.0.0.2_MASTER,2025.10.27 05:20,NAS100,1,BUY,91.67,80.00,168.48,9228.93,762.13,0.00,79.19,95.02,778.16,1787.86,31.50,20.00,584.75,BULL,LOW,25645.8,0.00,0.0,0.0,9750.51,9782.23,1,PASS,PASS,5,1
TP_Integrated_EA,5.0.0.2_MASTER,2025.10.27 05:50,NAS100,-1,SELL,83.67,60.00,-26.22,-1841.10,-4919.65,0.00,-592.56,17.61,-3241.89,-538.38,-21.03,-10.00,205.58,BEAR,LOW,25639.0,0.00,0.0,0.0,9750.51,9775.63,1,PASS,PASS,5,1
TP_Integrated_EA,5.0.0.2_MASTER,2025.10.27 09:50,NAS100,-1,SELL,83.67,80.00,-97.73,-3322.75,-4566.02,0.00,-628.88,16.32,-3384.21,-468.81,-82.42,0.00,341.04,BEAR,NORMAL,25675.5,0.00,0.0,0.0,9775.63,9736.25,1,PASS,PASS,9,1
TP_Integrated_EA,5.0.0.2_MASTER,2025.10.27 10:10,NAS100,-1,SELL,89.00,80.00,-179.82,-4383.67,-263.62,0.00,284.49,31.45,-139.56,1852.64,7.89,-10.00,489.11,BEAR,NORMAL,25673.3,0.00,0.0,0.0,9775.63,9738.38,1,PASS,PASS,10,1
TP_Integrated_EA,5.0.0.2_MASTER,2025.10.27 10:25,NAS100,-1,SELL,89.00,80.00,-154.41,-4354.44,-997.12,0.00,-220.59,16.45,370.01,510.87,43.18,-10.00,48.88,BEAR,NORMAL,25664.0,0.00,0.0,0.0,9775.63,9747.40,1,PASS,PASS,10,1
TP_Integrated_EA,5.0.0.2_MASTER,2025.10.27 13:40,NAS100,-1,SELL,83.67,80.00,-188.28,-4864.45,-1153.36,0.00,-201.90,16.18,191.69,425.88,49.60,-10.00,35.05,BEAR,NORMAL,25704.0,0.00,0.0,0.0,9775.63,9708.60,1,PASS,PASS,13,1
TP_Integrated_EA,5.0.0.2_MASTER,2025.10.27 14:05,NAS100,1,BUY,86.33,60.00,34.47,994.72,4976.91,0.00,1040.29,89.39,2074.94,1653.53,35.39,0.00,261.10,BULL,NORMAL,25711.0,0.00,0.0,0.0,9775.63,9701.81,1,PASS,PASS,14,1
TP_Integrated_EA,5.0.0.2_MASTER,2025.10.27 16:00,NAS100,1,BUY,83.67,80.00,798.10,4893.18,396.46,0.00,-374.65,81.18,1112.88,-1200.08,155.56,0.00,-451.24,BULL,HIGH,25733.5,0.00,0.0,0.0,9701.81,9719.66,1,PASS,PASS,16,1
TP_Integrated_EA,5.0.0.2_MASTER,2025.10.27 16:25,NAS100,-1,SELL,86.33,60.00,-199.95,-2981.48,-5097.67,0.00,-820.01,13.32,-4065.24,-2681.89,-177.20,0.00,-304.49,BEAR,HIGH,25720.3,0.00,0.0,0.0,9701.81,9706.85,1,PASS,PASS,16,1
TP_Integrated_EA,5.0.0.2_MASTER,2025.10.27 16:30,NAS100,1,BUY,86.33,80.00,791.31,1568.75,1730.88,0.00,935.13,96.32,-1927.66,3288.59,46.41,10.00,1488.36,BULL,HIGH,25751.3,0.00,0.0,0.0,9706.85,9673.29,1,PASS,PASS,16,1
TP_Integrated_EA,5.0.0.2_MASTER,2025.10.27 19:40,NAS100,1,BUY,86.33,80.00,114.01,3290.72,4827.09,0.00,1198.59,96.32,1750.81,2121.10,101.44,0.00,422.57,BULL,LOW,25796.5,0.00,0.0,0.0,9673.29,9713.23,1,PASS,PASS,19,1
TP_Integrated_EA,5.0.0.2_MASTER,2025.10.28 01:25,NAS100,1,BUY,83.67,80.00,156.38,4841.93,1315.06,0.00,160.20,96.18,653.55,-781.62,-18.53,-20.00,-317.19,BULL,NORMAL,25890.9,0.00,0.0,0.0,9769.29,9769.29,0,PASS,PASS,1,2
TP_Integrated_EA,5.0.0.2_MASTER,2025.10.28 01:55,NAS100,-1,SELL,83.67,100.00,-82.80,-2137.36,-2405.26,0.00,-170.14,20.22,-2054.27,-756.24,-58.94,10.00,-21.39,BEAR,NORMAL,25885.1,0.00,0.0,0.0,9769.29,9759.20,1,PASS,PASS,1,2
TP_Integrated_EA,5.0.0.2_MASTER,2025.10.28 03:55,NAS100,-1,SELL,86.33,80.00,-71.97,-1068.65,-501.04,0.00,-156.83,18.00,-923.09,-2814.96,-23.90,10.00,-783.50,BEAR,NORMAL,25850.4,0.00,0.0,0.0,9759.20,9788.40,1,PASS,PASS,3,2
TP_Integrated_EA,5.0.0.2_MASTER,2025.10.28 04:05,NAS100,1,BUY,81.00,60.00,36.81,306.06,726.20,0.00,124.67,89.26,288.51,2173.50,-23.15,0.00,821.00,BULL,NORMAL,25856.9,0.00,0.0,0.0,9759.20,9782.09,1,PASS,PASS,4,2
TP_Integrated_EA,5.0.0.2_MASTER,2025.10.28 04:45,NAS100,-1,SELL,83.67,80.00,-131.46,-1938.69,-1424.02,0.00,-199.25,16.18,-662.68,894.01,-74.17,0.00,386.25,BEAR,NORMAL,25853.6,0.00,0.0,0.0,9782.09,9774.43,1,PASS,PASS,4,2
TP_Integrated_EA,5.0.0.2_MASTER,2025.10.28 05:15,NAS100,-1,SELL,81.00,60.00,-22.21,-358.03,-2621.03,0.00,-870.01,17.72,239.76,-1848.99,21.11,10.00,-671.06,BEAR,NORMAL,25852.4,0.00,0.0,0.0,9774.43,9771.13,1,PASS,PASS,5,2
TP_Integrated_EA,5.0.0.2_MASTER,2025.10.28 05:50,NAS100,1,BUY,86.33,80.00,174.18,2654.54,1054.60,0.00,190.08,96.32,145.68,-272.76,23.30,0.00,-76.94,BULL,NORMAL,25864.4,0.00,0.0,0.0,9774.43,9759.49,1,PASS,PASS,5,2
TP_Integrated_EA,5.0.0.2_MASTER,2025.10.28 06:15,NAS100,-1,SELL,83.67,60.00,-16.99,-471.04,-973.03,0.00,-41.49,22.55,-1097.08,-238.93,-31.24,0.00,79.46,BEAR,NORMAL,25861.4,0.00,0.0,0.0,9759.49,9752.12,1,PASS,PASS,6,2
TP_Integrated_EA,5.0.0.2_MASTER,2025.10.28 06:40,NAS100,-1,SELL,91.67,80.00,-137.48,-4554.67,-739.65,0.00,-7.88,23.49,-68.28,1830.60,7.40,-20.00,566.59,BEAR,NORMAL,25848.7,0.00,0.0,0.0,9752.12,9759.98,1,PASS,PASS,6,2
TP_Integrated_EA,5.0.0.2_MASTER,2025.10.28 07:10,NAS100,-1,SELL,86.33,80.00,-155.79,-6165.05,-384.95,0.00,44.10,27.12,-182.91,-100.00,2.19,10.00,-54.84,BEAR,NORMAL,25835.5,0.00,0.0,0.0,9752.12,9773.27,1,PASS,PASS,7,2
TP_Integrated_EA,5.0.0.2_MASTER,2025.10.28 15:45,NAS100,1,BUY,81.00,80.00,669.81,10387.92,614.62,0.00,92.37,95.48,778.62,1065.72,229.22,20.00,244.88,BULL,HIGH,25958.6,0.00,0.0,0.0,9655.12,9655.12,0,PASS,PASS,15,2
TP_Integrated_EA,5.0.0.2_MASTER,2025.10.28 15:55,NAS100,-1,SELL,81.00,60.00,-148.43,-1577.78,-5535.10,0.00,-678.95,13.05,-3984.19,-5647.98,-121.94,-10.00,-1569.17,BEAR,HIGH,25914.7,0.00,0.0,0.0,9655.12,9609.52,1,PASS,PASS,15,2
TP_Integrated_EA,5.0.0.2_MASTER,2025.10.28 17:30,NAS100,1,BUY,78.33,80.00,594.46,933.69,115.00,0.00,-14.49,81.38,-491.06,-1485.08,-11.10,-20.00,-385.20,BULL,NORMAL,25928.1,0.00,0.0,0.0,9609.52,9593.20,1,PASS,PASS,17,2
TP_Integrated_EA,5.0.0.2_MASTER,2025.10.28 17:35,NAS100,-1,SELL,83.67,60.00,-70.84,-2733.85,-2863.56,0.00,-634.53,14.93,-1435.87,-1453.54,-344.49,10.00,-266.13,BEAR,NORMAL,25911.4,0.00,0.0,0.0,9593.20,9573.91,1,PASS,PASS,17,2
TP_Integrated_EA,5.0.0.2_MASTER,2025.10.28 17:40,NAS100,1,BUY,78.33,80.00,338.94,944.65,1605.18,0.00,492.61,95.92,-478.83,1472.36,-222.49,10.00,645.88,BULL,NORMAL,25936.1,0.00,0.0,0.0,9573.91,9547.02,1,PASS,PASS,17,2
TP_Integrated_EA,5.0.0.2_MASTER,2025.10.28 18:30,NAS100,1,BUY,78.33,80.00,321.06,7158.17,1488.79,0.00,452.41,95.92,-885.78,135.36,-91.00,10.00,300.13,BULL,NORMAL,25976.6,0.00,0.0,0.0,9547.02,9582.08,1,PASS,PASS,18,2
TP_Integrated_EA,5.0.0.2_MASTER,2025.10.28 19:15,NAS100,1,BUY,81.00,80.00,430.43,5337.77,2232.18,0.00,964.48,96.05,-1134.92,1411.40,62.46,20.00,599.49,BULL,NORMAL,26012.1,0.00,0.0,0.0,9547.02,9615.80,1,PASS,PASS,19,2
TP_Integrated_EA,5.0.0.2_MASTER,2025.10.28 19:25,NAS100,1,BUY,81.00,80.00,541.28,6793.43,1949.45,0.00,555.85,96.05,819.71,56.22,83.82,-10.00,-207.01,BULL,NORMAL,26015.1,0.00,0.0,0.0,9547.02,9618.65,1,PASS,PASS,19,2
TP_Integrated_EA,5.0.0.2_MASTER,2025.10.28 19:45,NAS100,1,BUY,83.67,80.00,414.42,6064.43,808.63,0.00,253.44,96.18,47.32,127.66,-27.39,-10.00,46.52,BULL,NORMAL,26025.6,0.00,0.0,0.0,9547.02,9628.63,1,PASS,PASS,19,2
TP_Integrated_EA,5.0.0.2_MASTER,2025.10.28 20:20,NAS100,1,BUY,83.67,80.00,316.73,7378.39,2063.22,0.00,443.85,96.18,745.24,2158.64,44.87,20.00,669.11,BULL,NORMAL,26057.5,0.00,0.0,0.0,9642.02,9642.02,0,PASS,PASS,20,2
TP_Integrated_EA,5.0.0.2_MASTER,2025.10.28 21:00,NAS100,1,BUY,81.00,80.00,247.91,5404.16,222.06,0.00,181.67,96.05,-46.89,1716.83,24.76,20.00,576.73,BULL,LOW,26074.5,0.00,0.0,0.0,9642.02,9654.88,1,PASS,PASS,21,2
TP_Integrated_EA,5.0.0.2_MASTER,2025.10.28 21:10,NAS100,1,BUY,83.67,80.00,271.61,8688.33,2273.39,0.00,442.05,96.18,975.40,1331.89,13.69,0.00,304.75,BULL,LOW,26090.3,0.00,0.0,0.0,9642.02,9670.05,1,PASS,PASS,21,2
TP_Integrated_EA,5.0.0.2_MASTER,2025.10.28 21:20,NAS100,1,BUY,86.33,100.00,253.71,8529.52,639.46,0.00,9.35,92.52,451.62,-2279.74,-14.10,-20.00,-888.00,BULL,LOW,26086.5,0.00,0.0,0.0,9642.02,9666.40,1,PASS,PASS,21,2
TP_Integrated_EA,5.0.0.2_MASTER,2025.10.28 21:30,NAS100,1,BUY,86.33,80.00,252.72,9353.66,394.19,0.00,-59.50,84.35,491.79,192.58,-4.83,10.00,77.89,BULL,NORMAL,26107.5,0.00,0.0,0.0,9642.02,9686.56,1,PASS,PASS,21,2
TP_Integrated_EA,5.0.0.2_MASTER,2025.10.28 22:55,NAS100,1,BUY,86.33,100.00,300.41,1458.99,763.98,0.00,-99.60,84.35,185.82,-443.23,40.37,0.00,-9.07,BULL,NORMAL,26056.3,0.00,0.0,0.0,9642.02,9637.41,1,PASS,PASS,22,2
TP_Integrated_EA,5.0.0.2_MASTER,2025.10.29 00:40,NAS100,-1,SELL,86.33,60.00,-12.14,-1300.63,-3293.97,0.00,-511.42,18.59,-2283.60,-1311.35,-41.91,0.00,-131.35,BEAR,LOW,26061.6,0.00,0.0,0.0,9642.02,9638.32,1,PASS,PASS,0,3
TP_Integrated_EA,5.0.0.2_MASTER,2025.10.29 01:05,NAS100,-1,SELL,89.00,80.00,-153.22,-4298.84,-565.93,0.00,153.50,31.45,-210.05,-124.21,-0.75,0.00,-180.64,BEAR,LOW,26052.6,0.00,0.0,0.0,9642.02,9629.68,1,PASS,PASS,1,3
TP_Integrated_EA,5.0.0.2_MASTER,2025.10.29 03:40,NAS100,1,BUY,91.67,80.00,209.67,6553.07,1558.80,0.00,236.05,96.58,297.42,26.07,26.02,-10.00,56.78,BULL,NORMAL,26086.3,0.00,0.0,0.0,9629.68,9592.91,1,PASS,PASS,3,3
TP_Integrated_EA,5.0.0.2_MASTER,2025.10.29 04:00,NAS100,1,BUY,94.33,80.00,234.69,7370.57,1445.35,0.00,251.46,96.72,674.05,1266.53,32.85,20.00,415.49,BULL,NORMAL,26099.3,0.00,0.0,0.0,9592.91,9600.89,1,PASS,PASS,4,3
TP_Integrated_EA,5.0.0.2_MASTER,2025.10.29 07:30,NAS100,1,BUY,83.67,80.00,173.18,4549.43,930.34,0.00,191.66,96.18,264.72,-30.85,21.30,10.00,-38.84,BULL,NORMAL,26141.3,0.00,0.0,0.0,9592.91,9640.79,1,PASS,PASS,7,3
TP_Integrated_EA,5.0.0.2_MASTER,2025.10.29 14:25,NAS100,-1,SELL,81.00,80.00,-201.63,-3098.81,-2111.91,0.00,-432.04,16.05,-18.18,-1037.27,-36.55,10.00,-493.94,BEAR,NORMAL,26154.1,0.00,0.0,0.0,9687.91,9687.91,0,PASS,PASS,14,3
TP_Integrated_EA,5.0.0.2_MASTER,2025.10.29 15:30,NAS100,-1,SELL,83.67,60.00,-26.62,-302.84,-1264.43,0.00,-298.78,17.59,-1511.57,-2129.10,-53.38,0.00,-442.83,BEAR,NORMAL,26149.6,0.00,0.0,0.0,9687.91,9688.29,1,PASS,PASS,15,3
TP_Integrated_EA,5.0.0.2_MASTER,2025.10.29 15:35,NAS100,1,BUY,83.67,80.00,242.95,2126.53,887.36,0.00,168.72,96.18,-284.16,1888.33,18.01,20.00,831.53,BULL,NORMAL,26162.1,0.00,0.0,0.0,9687.91,9676.77,1,PASS,PASS,15,3
TP_Integrated_EA,5.0.0.2_MASTER,2025.10.29 15:55,NAS100,1,BUY,81.00,80.00,377.43,6158.15,1772.52,0.00,180.43,96.05,1126.16,-732.42,59.44,10.00,-377.76,BULL,NORMAL,26174.8,0.00,0.0,0.0,9676.77,9685.51,1,PASS,PASS,15,3
TP_Integrated_EA,5.0.0.2_MASTER,2025.10.29 16:15,NAS100,-1,SELL,81.00,60.00,-130.11,-210.90,-7130.41,0.00,-1826.47,13.05,-2096.55,-817.08,-48.86,-10.00,142.27,BEAR,HIGH,26171.6,0.00,0.0,0.0,9676.77,9682.43,1,PASS,PASS,16,3
TP_Integrated_EA,5.0.0.2_MASTER,2025.10.29 16:50,NAS100,-1,SELL,83.67,80.00,-414.22,-5938.44,-5225.67,0.00,-835.59,16.18,-3156.11,-3826.75,-427.87,0.00,-985.14,BEAR,HIGH,26147.1,0.00,0.0,0.0,9682.43,9702.49,1,PASS,PASS,16,3
TP_Integrated_EA,5.0.0.2_MASTER,2025.10.29 17:25,NAS100,1,BUY,81.00,60.00,196.52,432.38,3210.21,0.00,458.86,93.05,2597.08,1931.55,101.42,0.00,304.99,BULL,HIGH,26156.3,0.00,0.0,0.0,9682.43,9693.66,1,PASS,PASS,17,3
TP_Integrated_EA,5.0.0.2_MASTER,2025.10.29 20:05,NAS100,-1,SELL,81.00,60.00,-34.97,-1086.06,-3736.32,0.00,-1097.75,16.95,-1269.78,-4119.01,9.12,-10.00,-1175.42,BEAR,NORMAL,26122.7,0.00,0.0,0.0,9693.66,9657.95,1,PASS,PASS,20,3
TP_Integrated_EA,5.0.0.2_MASTER,2025.10.29 20:30,NAS100,1,BUY,81.00,80.00,139.54,1820.61,4385.41,0.00,1193.11,96.05,864.56,407.39,33.09,-10.00,-74.08,BULL,NORMAL,26134.1,0.00,0.0,0.0,9657.95,9643.55,1,PASS,PASS,20,3
TP_Integrated_EA,5.0.0.2_MASTER,2025.10.30 01:55,NAS100,1,BUY,83.67,80.00,190.05,7420.33,10327.13,0.00,2723.37,96.18,2200.88,7944.72,71.37,0.00,2533.96,BULL,LOW,26129.0,0.00,0.0,0.0,9547.55,9547.55,0,PASS,PASS,1,4
TP_Integrated_EA,5.0.0.2_MASTER,2025.10.30 02:15,NAS100,1,BUY,89.00,80.00,513.33,16409.47,1594.10,0.00,-491.18,81.45,839.69,-5183.96,73.24,-10.00,-1661.49,BULL,LOW,26165.8,0.00,0.0,0.0,9547.55,9578.14,1,PASS,PASS,2,4
TP_Integrated_EA,5.0.0.2_MASTER,2025.10.30 02:25,NAS100,1,BUY,89.00,80.00,444.16,17670.21,1280.98,0.00,-235.24,81.45,732.13,-551.85,-56.90,-10.00,21.04,BULL,LOW,26188.5,0.00,0.0,0.0,9547.55,9599.71,1,PASS,PASS,2,4
TP_Integrated_EA,5.0.0.2_MASTER,2025.10.30 03:05,NAS100,-1,SELL,83.67,100.00,-317.09,-3880.14,-3957.38,0.00,-144.57,19.18,-2268.79,356.95,-135.14,20.00,166.64,BEAR,LOW,26157.0,0.00,0.0,0.0,9547.55,9569.78,1,PASS,PASS,3,4
TP_Integrated_EA,5.0.0.2_MASTER,2025.10.30 03:10,NAS100,1,BUY,78.33,80.00,136.18,1679.68,3142.41,0.00,1483.52,95.92,-828.11,2216.43,-113.09,10.00,650.31,BULL,LOW,26189.7,0.00,0.0,0.0,9569.78,9534.34,1,PASS,PASS,3,4
TP_Integrated_EA,5.0.0.2_MASTER,2025.10.30 06:55,NAS100,-1,SELL,78.33,80.00,-901.42,-3481.38,-4404.88,0.00,-3691.55,15.92,6293.45,-4855.60,143.40,-10.00,-2115.28,BEAR,HIGH,26121.5,0.00,0.0,0.0,9439.34,9439.34,0,PASS,PASS,6,4
TP_Integrated_EA,5.0.0.2_MASTER,2025.10.30 07:15,NAS100,1,BUY,78.33,80.00,904.30,3033.73,4439.04,0.00,345.11,95.92,2121.76,16.35,393.80,-10.00,42.22,BULL,HIGH,26136.1,0.00,0.0,0.0,9439.34,9421.95,1,PASS,PASS,7,4
TP_Integrated_EA,5.0.0.2_MASTER,2025.10.30 08:05,NAS100,-1,SELL,81.00,80.00,-459.17,-1580.79,-455.05,0.00,601.70,31.05,-2751.87,93.62,-505.13,-10.00,302.65,BEAR,NORMAL,26151.5,0.00,0.0,0.0,9421.95,9432.46,1,PASS,PASS,8,4
TP_Integrated_EA,5.0.0.2_MASTER,2025.10.30 08:30,NAS100,-1,SELL,89.00,80.00,-600.87,-10686.87,-119.84,0.00,611.24,37.06,-548.43,3039.75,102.38,-10.00,902.75,BEAR,NORMAL,26106.9,0.00,0.0,0.0,9432.46,9470.13,1,PASS,PASS,8,4
TP_Integrated_EA,5.0.0.2_MASTER,2025.10.30 08:45,NAS100,1,BUY,78.33,60.00,95.60,391.43,4584.64,0.00,717.32,92.65,3652.29,2164.94,91.79,0.00,191.36,BULL,NORMAL,26131.3,0.00,0.0,0.0,9432.46,9447.43,1,PASS,PASS,8,4
TP_Integrated_EA,5.0.0.2_MASTER,2025.10.30 09:00,NAS100,-1,SELL,81.00,60.00,-82.83,-1139.54,-3104.79,0.00,-1242.87,14.08,-211.77,-4524.91,67.30,0.00,-1420.69,BEAR,NORMAL,26113.9,0.00,0.0,0.0,9447.43,9427.43,1,PASS,PASS,9,4
TP_Integrated_EA,5.0.0.2_MASTER,2025.10.30 09:15,NAS100,1,BUY,81.00,60.00,98.45,2543.73,7395.25,0.00,2024.88,92.96,656.02,6128.58,-76.72,0.00,2176.15,BULL,NORMAL,26156.5,0.00,0.0,0.0,9427.43,9384.00,1,PASS,PASS,9,4
TP_Integrated_EA,5.0.0.2_MASTER,2025.10.30 09:45,NAS100,1,BUY,78.33,80.00,407.92,2976.76,3042.63,0.00,966.78,95.92,-1043.90,4618.20,-54.37,10.00,1936.48,BULL,NORMAL,26151.0,0.00,0.0,0.0,9384.00,9375.07,1,PASS,PASS,9,4
TP_Integrated_EA,5.0.0.2_MASTER,2025.10.30 10:15,NAS100,-1,SELL,83.67,80.00,-272.65,-3421.28,-4779.00,0.00,-766.08,16.18,-2971.10,-2818.33,-233.03,10.00,-565.55,BEAR,NORMAL,26126.8,0.00,0.0,0.0,9384.00,9352.57,1,PASS,PASS,10,4
TP_Integrated_EA,5.0.0.2_MASTER,2025.10.30 10:45,NAS100,1,BUY,89.00,80.00,376.40,3810.31,2350.99,0.00,314.27,96.45,1784.30,-559.80,314.82,20.00,-498.43,BULL,NORMAL,26163.8,0.00,0.0,0.0,9352.57,9314.35,1,PASS,PASS,10,4
TP_Integrated_EA,5.0.0.2_MASTER,2025.10.30 11:10,NAS100,1,BUY,83.67,80.00,481.95,4950.70,1469.56,0.00,272.37,96.18,-341.59,871.78,-32.19,10.00,471.13,BULL,LOW,26177.0,0.00,0.0,0.0,9314.35,9322.81,1,PASS,PASS,11,4
TP_Integrated_EA,5.0.0.2_MASTER,2025.10.30 11:25,NAS100,-1,SELL,83.67,100.00,-247.08,-8538.43,-8693.20,0.00,-1774.10,19.18,-3145.36,-2998.57,-185.25,0.00,-681.00,BEAR,NORMAL,26118.5,0.00,0.0,0.0,9314.35,9268.41,1,PASS,PASS,11,4
TP_Integrated_EA,5.0.0.2_MASTER,2025.10.30 11:45,NAS100,-1,SELL,86.33,80.00,-352.92,-9779.73,-29.04,0.00,484.61,43.28,-37.82,3090.77,24.07,-20.00,838.73,BEAR,NORMAL,26107.3,0.00,0.0,0.0,9268.41,9274.94,1,PASS,PASS,11,4
TP_Integrated_EA,5.0.0.2_MASTER,2025.10.30 12:25,NAS100,1,BUY,81.00,100.00,261.30,1443.83,1449.16,0.00,-299.12,84.05,1381.18,-790.33,131.39,0.00,-263.46,BULL,NORMAL,26113.5,0.00,0.0,0.0,9268.41,9269.24,1,PASS,PASS,12,4
TP_Integrated_EA,5.0.0.2_MASTER,2025.10.30 14:10,NAS100,-1,SELL,83.67,80.00,-317.88,-5102.17,-1671.45,0.00,403.94,31.18,-2228.01,668.85,-161.95,30.00,328.11,BEAR,NORMAL,26133.0,0.00,0.0,0.0,9269.24,9283.41,1,PASS,PASS,14,4
TP_Integrated_EA,5.0.0.2_MASTER,2025.10.30 14:35,NAS100,-1,SELL,83.67,80.00,-471.34,-20175.24,-364.77,0.00,888.20,31.18,-1803.25,4500.48,51.49,0.00,1494.80,BEAR,NORMAL,26055.5,0.00,0.0,0.0,9375.41,9375.41,0,PASS,PASS,14,4
TP_Integrated_EA,5.0.0.2_MASTER,2025.10.30 15:25,NAS100,1,BUY,83.67,60.00,94.65,154.62,3147.00,0.00,-711.25,77.86,5031.32,-774.82,42.13,0.00,-698.09,BULL,NORMAL,26003.3,0.00,0.0,0.0,9375.41,9420.14,1,PASS,PASS,15,4
TP_Integrated_EA,5.0.0.2_MASTER,2025.10.30 17:35,NAS100,-1,SELL,83.67,80.00,-347.06,-2418.52,-3009.37,0.00,-576.55,16.18,-2451.02,-2864.47,-545.51,0.00,-550.18,BEAR,NORMAL,25924.4,0.00,0.0,0.0,9327.14,9327.14,0,PASS,PASS,17,4
TP_Integrated_EA,5.0.0.2_MASTER,2025.10.30 18:05,NAS100,1,BUY,83.67,60.00,100.71,505.56,8410.53,0.00,2014.98,93.18,3594.98,3691.45,196.66,0.00,614.82,BULL,NORMAL,25922.3,0.00,0.0,0.0,9327.14,9325.74,1,PASS,PASS,18,4
TP_Integrated_EA,5.0.0.2_MASTER,2025.10.30 18:40,NAS100,-1,SELL,83.67,60.00,-89.03,-1607.17,-5878.96,0.00,-839.30,13.84,-5929.59,-1827.86,-139.70,0.00,404.93,BEAR,NORMAL,25946.8,0.00,0.0,0.0,9325.74,9345.18,1,PASS,PASS,18,4
