EAName,EAVersion,Timestamp,Symbol,Signal,SignalType,Quality,Confluence,Momentum,Speed,Acceleration,Entropy,Jerk,Zone,Regime,Price,Spread,HighThreshold,LowThreshold,Balance,Equity,OpenPositions,PhysicsPass,RejectReason,Hour,DayOfWeek
TP_Integrated_EA,3.11_PRODUCTION,2025.01.02 02:15,NAS100,-1,SELL,91.66666666666667,80.0,-498.73776547727925,-10664.662240450252,-3270.6243535005315,0.0,-401.8460869640798,BEAR,NORMAL,21033.8,25.0,0.0,0.0,1000.0,1000.0,0,PASS,PASS,2,4
TP_Integrated_EA,3.11_PRODUCTION,2025.01.03 02:15,NAS100,1,BUY,91.66666666666667,100.0,206.54904916275143,9375.586783134062,4003.1343789721086,0.0,-37.372779281426574,BULL,LOW,21021.0,20.0,0.0,0.0,1000.0,1000.13,1,PASS,PASS,2,5
TP_Integrated_EA,3.11_PRODUCTION,2025.01.03 13:10,NAS100,-1,SELL,91.66666666666667,80.0,-297.9919948245929,-8538.346604031021,-1843.1417120264573,0.0,-86.51922969194652,BEAR,NORMAL,21042.7,20.0,0.0,0.0,1000.13,1000.53,1,PASS,PASS,13,5
TP_Integrated_EA,3.11_PRODUCTION,2025.01.08 02:05,NAS100,1,BUY,94.33333333333334,100.0,243.01311780830227,5610.29960148142,1394.7306438364908,0.0,149.65310595862894,BULL,LOW,21227.5,20.0,0.0,0.0,990.63,990.63,0,PASS,PASS,2,3
TP_Integrated_EA,3.11_PRODUCTION,2025.01.08 07:55,NAS100,1,BUY,97.0,100.0,215.12475360646567,7338.176273513147,1338.8673763925287,0.0,-13.989779140507693,BULL,NORMAL,21263.0,20.0,0.0,0.0,990.63,990.97,1,PASS,PASS,7,3
TP_Integrated_EA,3.11_PRODUCTION,2025.01.09 02:40,NAS100,-1,SELL,91.66666666666667,80.0,-329.1547963784802,-8626.064764661163,-1874.3840938224882,0.0,-340.8674635275888,BEAR,LOW,21117.8,20.0,0.0,0.0,990.63,989.47,1,PASS,PASS,2,4
TP_Integrated_EA,3.11_PRODUCTION,2025.01.10 09:30,NAS100,1,BUY,94.33333333333334,100.0,205.97549997267214,6490.516536254068,3924.1721492333395,0.0,-152.51377373705236,BULL,NORMAL,21110.8,20.0,0.0,0.0,989.47,989.54,1,PASS,PASS,9,5
TP_Integrated_EA,3.11_PRODUCTION,2025.01.10 12:50,NAS100,1,BUY,94.33333333333334,100.0,394.95267509784287,8333.778277516738,2176.018516154944,0.0,171.2795262813411,BULL,NORMAL,21157.0,20.0,0.0,0.0,989.54,989.99,1,PASS,PASS,12,5
TP_Integrated_EA,3.11_PRODUCTION,2025.01.10 13:15,NAS100,1,BUY,99.66666666666667,100.0,362.4297349923119,12720.241870431626,3452.9748172054165,0.0,526.1020343952774,BULL,NORMAL,21200.8,20.0,0.0,0.0,989.54,990.43,1,PASS,PASS,13,5
TP_Integrated_EA,3.11_PRODUCTION,2025.01.10 20:25,NAS100,1,BUY,91.66666666666667,100.0,778.4332971765601,16690.064696845817,4065.2036669289982,0.0,861.5094120007415,BULL,NORMAL,20953.0,20.0,0.0,0.0,989.54,987.95,1,PASS,PASS,20,5
TP_Integrated_EA,3.11_PRODUCTION,2025.01.13 03:45,NAS100,-1,SELL,99.66666666666667,80.0,-511.1491565415593,-14749.81054674137,-3588.076349616801,0.0,-509.6680715136118,BEAR,NORMAL,20759.9,20.0,0.0,0.0,989.54,985.89,1,PASS,PASS,3,1
TP_Integrated_EA,3.11_PRODUCTION,2025.01.14 09:50,NAS100,1,BUY,94.33333333333334,100.0,249.6439787122576,5325.334839670877,1717.6775794437785,0.0,-37.296919563323314,BULL,NORMAL,20917.8,20.0,0.0,0.0,985.89,984.31,1,PASS,PASS,9,2
TP_Integrated_EA,3.11_PRODUCTION,2025.01.14 10:50,NAS100,1,BUY,91.66666666666667,100.0,760.6575995229505,12253.740416722616,2071.6717591732595,0.0,237.4656809501669,BULL,HIGH,20992.3,20.0,0.0,0.0,984.31,985.04,1,PASS,PASS,10,2
TP_Integrated_EA,3.11_PRODUCTION,2025.01.15 04:40,NAS100,-1,SELL,94.33333333333334,80.0,-175.67807995830896,-4055.0229160686345,-1907.7975233779634,0.0,-303.16202191749,BEAR,LOW,20792.2,20.0,0.0,0.0,984.31,983.0,1,PASS,PASS,4,3
TP_Integrated_EA,3.11_PRODUCTION,2025.01.15 04:50,NAS100,-1,SELL,94.33333333333334,80.0,-187.92359109258652,-5655.932376491241,-2087.6133056747526,0.0,-287.66240690777914,BEAR,LOW,20790.4,20.0,0.0,0.0,983.0,983.0,1,PASS,PASS,4,3
TP_Integrated_EA,3.11_PRODUCTION,2025.01.15 11:40,NAS100,1,BUY,91.66666666666667,100.0,448.38637724009413,3724.2835651024534,1364.164776177895,0.0,134.23005165106204,BULL,HIGH,20813.4,20.0,0.0,0.0,983.0,982.77,1,PASS,PASS,11,3
TP_Integrated_EA,3.11_PRODUCTION,2025.01.15 19:40,NAS100,1,BUY,91.66666666666667,100.0,842.2340746655706,8092.654601483739,2576.6812911711245,0.0,64.07800122514698,BULL,NORMAL,21213.1,20.0,0.0,0.0,982.77,986.75,1,PASS,PASS,19,3
TP_Integrated_EA,3.11_PRODUCTION,2025.01.16 11:35,NAS100,-1,SELL,94.33333333333334,80.0,-731.2192886089638,-9498.55678831767,-2527.576008952633,0.0,-72.30954223289461,BEAR,NORMAL,21329.6,20.0,0.0,0.0,982.77,987.87,1,PASS,PASS,11,4
TP_Integrated_EA,3.11_PRODUCTION,2025.01.16 16:45,NAS100,-1,SELL,91.66666666666667,80.0,-856.3742451177577,-8387.046407812652,-6186.176497628758,0.0,-747.7210001122055,BEAR,HIGH,21274.0,20.0,0.0,0.0,987.87,988.41,1,PASS,PASS,16,4
TP_Integrated_EA,3.11_PRODUCTION,2025.01.17 06:30,NAS100,1,BUY,91.66666666666667,100.0,194.06033120597357,10296.837807677344,1508.4153355457906,0.0,64.64636823283942,BULL,NORMAL,21163.3,20.0,0.0,0.0,987.87,989.53,1,PASS,PASS,6,5
TP_Integrated_EA,3.11_PRODUCTION,2025.01.17 09:10,NAS100,-1,SELL,91.66666666666667,80.0,-252.67297534672016,-3363.856005424089,-1396.0846903028469,0.0,-279.56455137232655,BEAR,NORMAL,21134.5,20.0,0.0,0.0,989.53,989.22,1,PASS,PASS,9,5
TP_Integrated_EA,3.11_PRODUCTION,2025.01.17 09:20,NAS100,-1,SELL,91.66666666666667,80.0,-266.5213223763209,-4873.3680427436,-1328.29234336034,0.0,-139.92383397494007,BEAR,NORMAL,21129.5,20.0,0.0,0.0,989.22,989.25,1,PASS,PASS,9,5
TP_Integrated_EA,3.11_PRODUCTION,2025.01.17 09:45,NAS100,-1,SELL,91.66666666666667,80.0,-225.14087280319933,-6025.1936855537115,-1283.7308621206573,0.0,-225.97941193149566,BEAR,NORMAL,21119.5,20.0,0.0,0.0,989.22,989.35,1,PASS,PASS,9,5
TP_Integrated_EA,3.11_PRODUCTION,2025.01.17 11:00,NAS100,1,BUY,91.66666666666667,100.0,341.63085230953754,6828.9457176644755,1313.0652521945558,0.0,122.83834115541278,BULL,NORMAL,21171.3,20.0,0.0,0.0,989.22,988.83,1,PASS,PASS,11,5
TP_Integrated_EA,3.11_PRODUCTION,2025.01.17 16:15,NAS100,1,BUY,91.66666666666666,100.0,890.7511762186155,24899.876750176692,1863.4875383516314,0.0,347.7897623065776,BULL,HIGH,21449.4,20.0,0.0,0.0,988.83,991.61,1,PASS,PASS,16,5
TP_Integrated_EA,3.11_PRODUCTION,2025.01.22 09:45,NAS100,1,BUY,91.66666666666667,100.0,176.8179501347254,5237.362000863491,1472.189093213518,0.0,38.94989658473169,BULL,NORMAL,21736.3,20.0,0.0,0.0,988.83,994.27,1,PASS,PASS,9,3
TP_Integrated_EA,3.11_PRODUCTION,2025.01.23 10:45,NAS100,-1,SELL,94.33333333333334,80.0,-373.2939741044794,-9097.418462395826,-2126.933592537991,0.0,-578.2532336461342,BEAR,HIGH,21757.0,20.0,0.0,0.0,988.83,994.44,1,PASS,PASS,10,4
TP_Integrated_EA,3.11_PRODUCTION,2025.01.23 17:50,NAS100,1,BUY,91.66666666666667,100.0,1010.996746800196,7754.693323826266,1497.2013995806933,0.0,-147.93253056736538,BULL,HIGH,21809.0,20.0,0.0,0.0,994.44,993.9,1,PASS,PASS,17,4
TP_Integrated_EA,3.11_PRODUCTION,2025.01.24 14:30,NAS100,1,BUY,94.33333333333334,100.0,255.16978488521184,9480.15529751504,1422.2978485577794,0.0,-57.944659642553916,BULL,NORMAL,21914.8,20.0,0.0,0.0,993.9,994.9,1,PASS,PASS,14,5
TP_Integrated_EA,3.11_PRODUCTION,2025.01.24 20:10,NAS100,-1,SELL,91.66666666666667,80.0,-522.5141520930132,-11774.354138102524,-2679.7872454629396,0.0,-214.000648928119,BEAR,NORMAL,21801.0,20.0,0.0,0.0,993.9,993.76,1,PASS,PASS,20,5
TP_Integrated_EA,3.11_PRODUCTION,2025.01.27 06:20,NAS100,-1,SELL,91.66666666666667,80.0,-381.08088257336505,-7678.448026658683,-1628.5334970782758,0.0,-67.27747494946271,BEAR,NORMAL,21383.1,20.0,0.0,0.0,993.76,997.97,1,PASS,PASS,6,1
TP_Integrated_EA,3.11_PRODUCTION,2025.01.27 23:05,NAS100,1,BUY,91.66666666666667,100.0,1206.5794611009765,14348.079870523892,2817.159735486227,0.0,-69.88873307017957,BULL,NORMAL,21208.1,20.0,0.0,0.0,1003.81,1003.81,0,PASS,PASS,23,1
TP_Integrated_EA,3.11_PRODUCTION,2025.01.30 10:20,NAS100,1,BUY,91.66666666666667,100.0,272.9184004901224,12032.361277932814,2663.4994602142433,0.0,335.1425606344487,BULL,NORMAL,21592.1,20.0,0.0,0.0,1003.81,1011.18,1,PASS,PASS,10,4
TP_Integrated_EA,3.11_PRODUCTION,2025.01.30 14:20,NAS100,-1,SELL,91.66666666666667,80.0,-412.8782249830033,-12248.39932506653,-3932.763074189922,0.0,-124.47726787474085,BEAR,NORMAL,21479.4,20.0,0.0,0.0,1003.81,1008.93,1,PASS,PASS,14,4
TP_Integrated_EA,3.11_PRODUCTION,2025.01.31 09:15,NAS100,1,BUY,91.66666666666667,100.0,193.3910879551247,8055.748919422946,3707.143483940117,0.0,1036.7644678559434,BULL,NORMAL,21687.3,20.0,0.0,0.0,1008.93,1004.77,1,PASS,PASS,9,5
TP_Integrated_EA,3.11_PRODUCTION,2025.01.31 17:00,NAS100,1,BUY,91.66666666666667,100.0,1328.320671558685,13881.362225969944,2511.881507173133,0.0,-244.97580135131926,BULL,HIGH,21761.3,20.0,0.0,0.0,1004.77,1006.21,1,PASS,PASS,17,5
TP_Integrated_EA,3.11_PRODUCTION,2025.02.03 07:25,NAS100,1,BUY,91.66666666666667,100.0,390.18812185034625,4900.670599187042,2127.8454825053436,0.0,270.35332049165896,BULL,LOW,20936.8,20.0,0.0,0.0,988.29,988.29,0,PASS,PASS,7,1
TP_Integrated_EA,3.11_PRODUCTION,2025.02.03 09:50,NAS100,1,BUY,91.66666666666666,100.0,468.3356548243704,7784.538957143415,2083.864947413907,0.0,399.7691026845813,BULL,NORMAL,21042.8,20.0,0.0,0.0,988.29,989.33,1,PASS,PASS,9,1
TP_Integrated_EA,3.11_PRODUCTION,2025.02.03 10:15,NAS100,1,BUY,91.66666666666666,100.0,631.0095512525997,13970.05530335063,1520.200862638394,0.0,-152.4016302358817,BULL,NORMAL,21090.3,25.0,0.0,0.0,988.29,989.81,1,PASS,PASS,10,1
TP_Integrated_EA,3.11_PRODUCTION,2025.02.04 11:10,NAS100,1,BUY,91.66666666666667,100.0,286.3257351613709,5788.625181391017,8098.066197194366,0.0,1171.8513962109319,BULL,NORMAL,21293.7,20.0,0.0,0.0,988.29,991.8,1,PASS,PASS,11,2
TP_Integrated_EA,3.11_PRODUCTION,2025.02.05 17:20,NAS100,-1,SELL,94.33333333333334,80.0,-1226.8494487006374,-4782.163054967505,-2807.327643103206,0.0,-121.73281708254987,BEAR,HIGH,21436.3,20.0,0.0,0.0,988.29,993.19,1,PASS,PASS,17,3
TP_Integrated_EA,3.11_PRODUCTION,2025.02.05 17:30,NAS100,1,BUY,91.66666666666667,100.0,411.9835783552772,3747.284542385537,4209.185793753163,0.0,951.4164741951071,BULL,HIGH,21487.8,20.0,0.0,0.0,993.19,992.65,1,PASS,PASS,17,3
TP_Integrated_EA,3.11_PRODUCTION,2025.02.05 17:40,NAS100,1,BUY,91.66666666666667,100.0,1211.9338126023497,7366.403868401345,4309.27944606593,0.0,714.3676985804897,BULL,HIGH,21500.6,20.0,0.0,0.0,992.65,992.77,1,PASS,PASS,17,3
TP_Integrated_EA,3.11_PRODUCTION,2025.02.10 01:40,NAS100,1,BUY,91.66666666666667,100.0,189.29915270141396,4625.9470091037765,5077.549160738862,0.0,493.3158318418288,BULL,LOW,21499.3,20.0,0.0,0.0,992.65,992.55,1,PASS,PASS,1,1
TP_Integrated_EA,3.11_PRODUCTION,2025.02.10 15:15,NAS100,1,BUY,91.66666666666667,100.0,175.74268415915088,4405.651941043019,2895.2835443228364,0.0,439.087778075864,BULL,NORMAL,21666.8,20.0,0.0,0.0,992.65,994.22,1,PASS,PASS,15,1
TP_Integrated_EA,3.11_PRODUCTION,2025.02.10 15:30,NAS100,1,BUY,91.66666666666667,100.0,221.44380222832626,7460.193726978168,2532.492572361689,0.0,284.42767248917977,BULL,NORMAL,21678.1,20.0,0.0,0.0,992.65,994.34,1,PASS,PASS,15,1
TP_Integrated_EA,3.11_PRODUCTION,2025.02.11 10:55,NAS100,1,BUY,91.66666666666667,100.0,562.8968574057023,5676.650341781575,1466.4278809755738,0.0,40.906572438571686,BULL,HIGH,21694.2,20.0,0.0,0.0,992.65,994.46,1,PASS,PASS,10,2
TP_Integrated_EA,3.11_PRODUCTION,2025.02.18 14:40,NAS100,1,BUY,91.66666666666667,100.0,187.29533649171893,5888.760096683843,1741.9021315474326,0.0,149.89100548596605,BULL,NORMAL,22231.8,20.0,0.0,0.0,992.65,999.54,1,PASS,PASS,14,2
TP_Integrated_EA,3.11_PRODUCTION,2025.02.19 14:10,NAS100,1,BUY,91.66666666666667,100.0,180.8786250734736,9022.045672565251,6114.692804130036,0.0,669.8746802830735,BULL,NORMAL,22186.4,20.0,0.0,0.0,992.65,999.05,1,PASS,PASS,14,3
TP_Integrated_EA,3.11_PRODUCTION,2025.02.19 17:05,NAS100,-1,SELL,97.0,80.0,-1022.0033159074146,-8884.79834602226,-1453.4016118973009,0.0,66.59348618850225,BEAR,HIGH,22084.6,20.0,0.0,0.0,992.65,998.03,1,PASS,PASS,17,3
TP_Integrated_EA,3.11_PRODUCTION,2025.02.19 17:15,NAS100,-1,SELL,99.66666666666667,80.0,-1021.6827087030797,-11663.636982110085,-2785.3818163698393,0.0,-356.1856636266517,BEAR,HIGH,22072.9,20.0,0.0,0.0,998.03,998.12,1,PASS,PASS,17,3
TP_Integrated_EA,3.11_PRODUCTION,2025.02.19 17:45,NAS100,1,BUY,94.33333333333334,100.0,833.8360338038574,5682.978586427971,3925.060139037954,0.0,16.945647256902163,BULL,HIGH,22127.1,20.0,0.0,0.0,998.03,997.58,1,PASS,PASS,17,3
TP_Integrated_EA,3.11_PRODUCTION,2025.02.20 21:55,NAS100,1,BUY,91.66666666666667,100.0,410.01313257087213,4894.272920735331,4172.185149197338,0.0,1271.1280840151078,BULL,NORMAL,22055.2,20.0,0.0,0.0,997.58,996.8,1,PASS,PASS,21,4
TP_Integrated_EA,3.11_PRODUCTION,2025.02.21 17:30,NAS100,-1,SELL,91.66666666666666,80.0,-1299.4185107683745,-18082.70480321056,-2253.056537102045,0.0,-581.7132720698548,BEAR,HIGH,21946.4,20.0,0.0,0.0,997.58,995.67,1,PASS,PASS,17,5
TP_Integrated_EA,3.11_PRODUCTION,2025.02.21 19:20,NAS100,-1,SELL,91.66666666666667,80.0,-1171.1943178365354,-9797.337159216,-3769.743163822738,0.0,-601.7516620653694,BEAR,NORMAL,21853.4,20.0,0.0,0.0,995.67,996.57,1,PASS,PASS,19,5
TP_Integrated_EA,3.11_PRODUCTION,2025.02.24 09:30,NAS100,-1,SELL,91.66666666666667,80.0,-242.223768859698,-8073.355600750007,-2190.6369914761035,0.0,-304.6660605038367,BEAR,NORMAL,21705.5,20.0,0.0,0.0,995.67,998.09,1,PASS,PASS,9,1
TP_Integrated_EA,3.11_PRODUCTION,2025.02.25 02:40,NAS100,1,BUY,91.66666666666667,100.0,434.78847609680986,8305.896483169434,1488.081949908698,0.0,-247.05520639801938,BULL,NORMAL,21396.2,20.0,0.0,0.0,995.67,1001.21,1,PASS,PASS,2,2
TP_Integrated_EA,3.11_PRODUCTION,2025.02.25 21:50,NAS100,1,BUY,91.66666666666667,100.0,408.9471868505958,5887.328743278387,5913.16270799997,0.0,565.6810205111088,BULL,NORMAL,21154.2,20.0,0.0,0.0,1001.21,996.33,1,PASS,PASS,21,2
TP_Integrated_EA,3.11_PRODUCTION,2025.02.26 16:25,NAS100,-1,SELL,91.66666666666667,80.0,-794.0487794850658,-11568.661252052163,-2285.379021057846,0.0,-139.73201051613793,BEAR,HIGH,21181.9,20.0,0.0,0.0,1001.21,996.79,1,PASS,PASS,16,3
TP_Integrated_EA,3.11_PRODUCTION,2025.02.26 20:45,NAS100,-1,SELL,94.33333333333333,80.0,-956.1938879499509,-15778.629064649498,-1717.5971452715294,0.0,-339.69463886703414,BEAR,NORMAL,21111.0,20.0,0.0,0.0,996.79,997.53,1,PASS,PASS,20,3
TP_Integrated_EA,3.11_PRODUCTION,2025.02.27 19:10,NAS100,-1,SELL,91.66666666666667,80.0,-1433.5021484652766,-10484.229648072369,-1405.836774149569,0.0,239.9664681886541,BEAR,NORMAL,20961.9,20.0,0.0,0.0,996.79,999.05,1,PASS,PASS,19,4
TP_Integrated_EA,3.11_PRODUCTION,2025.02.27 22:20,NAS100,-1,SELL,91.66666666666666,80.0,-939.5466762760148,-22893.717156226292,-2256.6049769273804,0.0,-570.1712020742573,BEAR,NORMAL,20668.4,20.0,0.0,0.0,996.79,1001.98,1,PASS,PASS,22,4
TP_Integrated_EA,3.11_PRODUCTION,2025.03.04 16:45,NAS100,-1,SELL,91.66666666666667,80.0,-1798.6402625416254,-3716.3373109456456,-1511.5798078455314,0.0,233.85106783290624,BEAR,HIGH,20308.4,20.0,0.0,0.0,996.79,1005.67,1,PASS,PASS,16,2
TP_Integrated_EA,3.11_PRODUCTION,2025.03.06 13:50,NAS100,1,BUY,91.66666666666667,100.0,536.1309441468029,7061.175806852595,3011.6463394280863,0.0,245.0993461859611,BULL,NORMAL,20406.6,20.0,0.0,0.0,1006.92,1006.92,0,PASS,PASS,13,4
TP_Integrated_EA,3.11_PRODUCTION,2025.03.06 14:40,NAS100,-1,SELL,91.66666666666667,80.0,-475.25759984409336,-7487.900134100548,-3295.6230345376725,0.0,-367.1521757343313,BEAR,NORMAL,20336.2,20.0,0.0,0.0,1006.92,1005.47,1,PASS,PASS,14,4
TP_Integrated_EA,3.11_PRODUCTION,2025.03.06 14:50,NAS100,-1,SELL,91.66666666666667,80.0,-518.0388641856232,-8098.850283312462,-3062.273506027832,0.0,-505.82953698953776,BEAR,NORMAL,20346.8,20.0,0.0,0.0,1005.47,1005.19,1,PASS,PASS,14,4
TP_Integrated_EA,3.11_PRODUCTION,2025.03.10 16:05,NAS100,-1,SELL,91.66666666666667,80.0,-1775.9739099669637,-20515.22960534624,-8435.433697024146,0.0,-1548.5251260170357,BEAR,HIGH,19699.5,30.0,0.0,0.0,1005.47,1018.24,1,PASS,PASS,16,1
TP_Integrated_EA,3.11_PRODUCTION,2025.03.11 08:25,NAS100,1,BUY,91.66666666666667,100.0,391.5746803228788,7295.392110499222,3671.160396939619,0.0,556.2913751899883,BULL,LOW,19493.0,20.0,0.0,0.0,1025.6,1025.6,0,PASS,PASS,8,2
TP_Integrated_EA,3.11_PRODUCTION,2025.03.11 20:15,NAS100,1,BUY,91.66666666666667,100.0,1497.1451934665167,20851.715104688486,3341.5473832901566,0.0,-722.9886057450681,BULL,NORMAL,19474.9,20.0,0.0,0.0,1025.6,1025.2,1,PASS,PASS,20,2
TP_Integrated_EA,3.11_PRODUCTION,2025.03.11 20:55,NAS100,1,BUY,94.33333333333333,100.0,1561.0867580441177,24199.526643253634,4649.750483628038,0.0,933.1880058293559,BULL,NORMAL,19651.5,20.0,0.0,0.0,1025.6,1028.73,1,PASS,PASS,20,2
TP_Integrated_EA,3.11_PRODUCTION,2025.03.17 20:20,NAS100,1,BUY,94.33333333333333,100.0,729.7089675773566,15557.145582238558,2753.566454190647,0.0,770.2137563873223,BULL,NORMAL,19900.7,20.0,0.0,0.0,1025.6,1033.18,1,PASS,PASS,20,1
TP_Integrated_EA,3.11_PRODUCTION,2025.03.18 08:30,NAS100,1,BUY,91.66666666666667,100.0,189.2122121655919,7361.689663524692,2152.0973311944817,0.0,278.7860051879757,BULL,NORMAL,19769.1,20.0,0.0,0.0,1025.6,1030.46,1,PASS,PASS,8,2
TP_Integrated_EA,3.11_PRODUCTION,2025.03.19 21:10,NAS100,1,BUY,94.33333333333334,100.0,2041.2339251538547,25689.95304503181,4994.881337656334,0.0,370.15630385242946,BULL,HIGH,19920.4,20.0,0.0,0.0,1025.6,1033.4,1,PASS,PASS,21,3
TP_Integrated_EA,3.11_PRODUCTION,2025.03.20 12:20,NAS100,-1,SELL,99.66666666666667,80.0,-1197.1937408900926,-34613.061634806356,-9732.197879349114,0.0,-1416.571645279705,BEAR,HIGH,19571.1,20.0,0.0,0.0,1025.6,1026.32,1,PASS,PASS,12,4
TP_Integrated_EA,3.11_PRODUCTION,2025.03.20 16:05,NAS100,1,BUY,94.33333333333334,100.0,890.6684562337343,22107.59214109016,4211.27912479622,0.0,-67.90238497546073,BULL,NORMAL,19809.2,20.0,0.0,0.0,1026.32,1021.43,1,PASS,PASS,16,4
TP_Integrated_EA,3.11_PRODUCTION,2025.03.21 08:55,NAS100,1,BUY,94.33333333333334,100.0,385.0122328357003,7733.758937614626,3010.7280065976543,0.0,377.11633972909124,BULL,NORMAL,19692.9,20.0,0.0,0.0,1021.43,1018.96,1,PASS,PASS,8,5
TP_Integrated_EA,3.11_PRODUCTION,2025.03.21 09:30,NAS100,-1,SELL,91.66666666666667,80.0,-226.1461290338356,-4566.04762539156,-2495.4416368923885,0.0,131.40741070162218,BEAR,NORMAL,19663.1,20.0,0.0,0.0,1021.43,1018.36,1,PASS,PASS,9,5
TP_Integrated_EA,3.11_PRODUCTION,2025.03.25 14:35,NAS100,1,BUY,91.66666666666666,100.0,255.08322426093366,8672.329881922316,2391.3912415846034,0.0,510.2585753658178,BULL,NORMAL,20258.2,20.0,0.0,0.0,1008.44,1008.44,0,PASS,PASS,14,2
TP_Integrated_EA,3.11_PRODUCTION,2025.03.26 15:25,NAS100,-1,SELL,91.66666666666667,80.0,-173.2717248828729,-5008.755603273452,-3010.0563383496556,0.0,-247.46355070923062,BEAR,NORMAL,20269.2,20.0,0.0,0.0,1008.44,1008.53,1,PASS,PASS,15,3
TP_Integrated_EA,3.11_PRODUCTION,2025.03.27 00:30,NAS100,-1,SELL,99.66666666666667,80.0,-514.5288687176551,-15799.689307861105,-2182.9337575168,0.0,174.75024574487387,BEAR,NORMAL,19837.0,20.0,0.0,0.0,1008.53,1017.17,1,PASS,PASS,0,4
TP_Integrated_EA,3.11_PRODUCTION,2025.03.27 15:25,NAS100,-1,SELL,91.66666666666667,80.0,-483.53167879604416,-6078.024657564933,-2503.6631328238886,0.0,-329.5144834128413,BEAR,NORMAL,19853.8,20.0,0.0,0.0,1008.53,1016.83,1,PASS,PASS,15,4
TP_Integrated_EA,3.11_PRODUCTION,2025.03.31 12:35,NAS100,1,BUY,91.66666666666667,100.0,252.73359468277422,3800.557108813221,5412.209537089076,0.0,598.6682558587577,BULL,NORMAL,19049.3,20.0,0.0,0.0,1028.6,1028.6,0,PASS,PASS,12,1
TP_Integrated_EA,3.11_PRODUCTION,2025.04.01 10:35,NAS100,-1,SELL,91.66666666666667,80.0,-371.9427650498035,-3841.477671384125,-6341.390261491413,0.0,-375.04145248448435,BEAR,HIGH,19238.9,20.0,0.0,0.0,1028.6,1032.26,1,PASS,PASS,10,2
TP_Integrated_EA,3.11_PRODUCTION,2025.04.07 10:25,NAS100,1,BUY,91.66666666666667,100.0,758.3992158216569,5507.208031674363,7254.8370246651,0.0,324.07244244600565,BULL,NORMAL,16464.5,40.0,0.0,0.0,1021.82,1021.82,0,PASS,PASS,10,1
TP_Integrated_EA,3.11_PRODUCTION,2025.04.09 06:55,NAS100,-1,SELL,94.33333333333333,80.0,-1198.8401943287674,-14295.19010406087,-1482.3957169314115,0.0,-112.62595216500176,BEAR,NORMAL,16816.8,20.0,0.0,0.0,1041.86,1041.86,0,PASS,PASS,6,3
TP_Integrated_EA,3.11_PRODUCTION,2025.04.09 20:20,NAS100,1,BUY,91.66666666666666,100.0,2096.268963057348,34650.21132590527,15391.065760430673,0.0,2701.975888728675,BULL,NORMAL,17853.6,85.0,0.0,0.0,1031.84,1031.84,0,PASS,PASS,20,3
TP_Integrated_EA,3.11_PRODUCTION,2025.04.10 03:35,NAS100,-1,SELL,94.33333333333334,80.0,-806.4889560568145,-13864.481505780037,-3092.52604333726,0.0,-164.73107495826264,BEAR,LOW,19073.9,20.0,0.0,0.0,1051.94,1051.94,0,PASS,PASS,3,4
TP_Integrated_EA,3.11_PRODUCTION,2025.04.10 06:30,NAS100,-1,SELL,94.33333333333334,80.0,-636.9306078710742,-18454.393159488867,-1778.3018960741479,0.0,242.01707552704477,BEAR,NORMAL,18878.8,30.0,0.0,0.0,1051.94,1055.78,1,PASS,PASS,6,4
TP_Integrated_EA,3.11_PRODUCTION,2025.04.10 19:05,NAS100,-1,SELL,97.0,80.0,-2283.584489413447,-27279.671691149626,-3789.1101636158905,0.0,-244.20169865109426,BEAR,NORMAL,18053.9,20.0,0.0,0.0,1071.96,1071.96,0,PASS,PASS,19,4
TP_Integrated_EA,3.11_PRODUCTION,2025.04.11 09:05,NAS100,1,BUY,94.33333333333334,100.0,893.7317716449897,24246.206244088782,2739.174809101066,0.0,79.65135076611546,BULL,NORMAL,18618.5,20.0,0.0,0.0,1061.95,1061.95,0,PASS,PASS,9,5
TP_Integrated_EA,3.11_PRODUCTION,2025.04.14 18:55,NAS100,-1,SELL,94.33333333333334,80.0,-1998.4818750840557,-24092.515475267865,-1334.8425509411513,0.0,342.2574892136314,BEAR,NORMAL,18715.5,20.0,0.0,0.0,1061.95,1063.49,1,PASS,PASS,18,1
TP_Integrated_EA,3.11_PRODUCTION,2025.04.16 14:45,NAS100,1,BUY,91.66666666666667,100.0,424.79197532983306,5767.816517739868,3351.7580377545232,0.0,300.6550433239451,BULL,NORMAL,18590.3,20.0,0.0,0.0,1063.49,1066.0,1,PASS,PASS,14,3
TP_Integrated_EA,3.11_PRODUCTION,2025.04.17 09:25,NAS100,1,BUY,91.66666666666667,100.0,430.34006717706956,10269.831684332974,3448.1166498504417,0.0,590.5163763212478,BULL,NORMAL,18464.3,20.0,0.0,0.0,1055.95,1055.95,0,PASS,PASS,9,4
TP_Integrated_EA,3.11_PRODUCTION,2025.04.17 14:15,NAS100,-1,SELL,99.66666666666667,80.0,-575.6960648416734,-14006.620544361183,-4072.3169707861116,0.0,-648.9839706964899,BEAR,NORMAL,18337.0,20.0,0.0,0.0,1055.95,1053.36,1,PASS,PASS,14,4
TP_Integrated_EA,3.11_PRODUCTION,2025.04.21 03:25,NAS100,1,BUY,91.66666666666667,100.0,450.27623673285825,11101.029625710971,1412.0156466510434,0.0,-189.27355308751316,BULL,LOW,18245.7,25.0,0.0,0.0,1053.36,1055.16,1,PASS,PASS,3,1
TP_Integrated_EA,3.11_PRODUCTION,2025.04.21 13:05,NAS100,1,BUY,91.66666666666667,100.0,348.20675903562835,5326.996360423637,3694.375827389267,0.0,527.8040060381811,BULL,NORMAL,18065.9,20.0,0.0,0.0,1055.16,1051.51,1,PASS,PASS,13,1
TP_Integrated_EA,3.11_PRODUCTION,2025.04.21 16:35,NAS100,1,BUY,91.66666666666667,100.0,175.04310389936168,5903.042572031541,6748.25483027016,0.0,1236.970713119808,BULL,NORMAL,18040.9,20.0,0.0,0.0,1055.16,1051.01,1,PASS,PASS,16,1
TP_Integrated_EA,3.11_PRODUCTION,2025.04.22 09:50,NAS100,1,BUY,97.0,100.0,409.6508684357001,14468.833319265545,3744.8512911914686,0.0,365.30019722994473,BULL,NORMAL,17984.3,20.0,0.0,0.0,1045.16,1045.16,0,PASS,PASS,9,2
TP_Integrated_EA,3.11_PRODUCTION,2025.04.23 13:35,NAS100,1,BUY,91.66666666666667,100.0,410.9060073498056,9045.332675186515,1436.8286365927634,0.0,57.57683338879923,BULL,NORMAL,18770.8,20.0,0.0,0.0,1045.16,1060.76,1,PASS,PASS,13,3
TP_Integrated_EA,3.11_PRODUCTION,2025.04.23 15:45,NAS100,1,BUY,91.66666666666667,100.0,553.6229295572675,11496.800409526579,2050.417814447871,0.0,-155.1942176809447,BULL,NORMAL,18838.8,20.0,0.0,0.0,1045.16,1062.12,1,PASS,PASS,15,3
TP_Integrated_EA,3.11_PRODUCTION,2025.04.24 13:35,NAS100,1,BUY,91.66666666666666,100.0,338.3359709006057,9032.054292062134,1693.5085012534319,0.0,513.2489324268154,BULL,NORMAL,18635.8,20.0,0.0,0.0,1065.15,1065.15,0,PASS,PASS,13,4
TP_Integrated_EA,3.11_PRODUCTION,2025.04.25 14:20,NAS100,1,BUY,91.66666666666667,100.0,405.87410293437347,5226.212228425659,7862.832392548182,0.0,476.0260335928778,BULL,NORMAL,19202.7,20.0,0.0,0.0,1065.15,1076.36,1,PASS,PASS,14,5
TP_Integrated_EA,3.11_PRODUCTION,2025.04.25 20:10,NAS100,1,BUY,91.66666666666666,100.0,392.15126879956995,11184.883404176615,1812.234468059493,0.0,634.9522721195029,BULL,NORMAL,19385.6,20.0,0.0,0.0,1065.15,1080.02,1,PASS,PASS,20,5
TP_Integrated_EA,3.11_PRODUCTION,2025.04.25 20:25,NAS100,1,BUY,91.66666666666666,100.0,629.3559314961694,15369.069098125043,1353.408998242694,0.0,-7.733627718281639,BULL,NORMAL,19424.8,20.0,0.0,0.0,1065.15,1080.8,1,PASS,PASS,20,5
TP_Integrated_EA,3.11_PRODUCTION,2025.04.30 13:35,NAS100,-1,SELL,91.66666666666667,80.0,-314.47501977669253,-7797.019296436194,-2415.647798722721,0.0,-303.1980345391315,BEAR,LOW,19461.8,35.0,0.0,0.0,1065.15,1081.1,1,PASS,PASS,13,3
TP_Integrated_EA,3.11_PRODUCTION,2025.04.30 15:20,NAS100,-1,SELL,94.33333333333334,80.0,-480.69317557851025,-14262.890017078436,-3975.6866143128022,0.0,-690.069139721501,BEAR,NORMAL,19367.8,35.0,0.0,0.0,1081.1,1082.91,1,PASS,PASS,15,3
TP_Integrated_EA,3.11_PRODUCTION,2025.04.30 15:35,NAS100,-1,SELL,102.33333333333334,80.0,-682.8776075788201,-24322.787210991963,-3420.0212547813985,0.0,166.07216638997966,BEAR,NORMAL,19294.0,35.0,0.0,0.0,1081.1,1084.39,1,PASS,PASS,15,3
TP_Integrated_EA,3.11_PRODUCTION,2025.04.30 15:50,NAS100,-1,SELL,102.33333333333334,80.0,-1494.385217060399,-34438.274808297756,-3157.614724214903,0.0,421.69745164810894,BEAR,HIGH,19184.5,35.0,0.0,0.0,1081.1,1086.58,1,PASS,PASS,15,3
TP_Integrated_EA,3.11_PRODUCTION,2025.05.01 06:40,NAS100,1,BUY,91.66666666666667,100.0,255.71168158893772,8097.677092165254,2875.659451114002,0.0,157.63777141521066,BULL,NORMAL,19859.8,40.0,0.0,0.0,1081.1,1073.09,1,PASS,PASS,6,4
TP_Integrated_EA,3.11_PRODUCTION,2025.05.02 09:20,NAS100,-1,SELL,94.33333333333334,80.0,-374.98466792780584,-10816.591957328108,-2492.104441828445,0.0,-360.1710979568261,BEAR,NORMAL,19813.9,35.99999999998545,0.0,0.0,1073.09,1072.0,1,PASS,PASS,9,5
TP_Integrated_EA,3.11_PRODUCTION,2025.05.02 19:15,NAS100,1,BUY,91.66666666666667,100.0,919.9393397524215,12683.079615808045,4076.0451688144594,0.0,575.6380833153254,BULL,NORMAL,20152.7,30.0,0.0,0.0,1072.0,1065.19,1,PASS,PASS,19,5
TP_Integrated_EA,3.11_PRODUCTION,2025.05.06 11:30,NAS100,-1,SELL,94.33333333333333,80.0,-1004.5997303845561,-13848.500643656913,-2492.5482298766356,0.0,-345.17311753194576,BEAR,HIGH,19756.2,35.99999999998545,0.0,0.0,1065.19,1056.85,1,PASS,PASS,11,2
TP_Integrated_EA,3.11_PRODUCTION,2025.05.06 14:05,NAS100,1,BUY,91.66666666666666,100.0,348.29885272575416,6295.538921374555,2719.391599221094,0.0,761.4519559902429,BULL,NORMAL,19819.1,36.00000000002183,0.0,0.0,1056.85,1055.52,1,PASS,PASS,14,2
TP_Integrated_EA,3.11_PRODUCTION,2025.05.08 21:00,NAS100,-1,SELL,91.66666666666667,80.0,-577.3017986570617,-6620.590487803154,-1834.3792539494432,0.0,-307.958455072444,BEAR,NORMAL,20167.5,30.0,0.0,0.0,1055.52,1062.24,1,PASS,PASS,21,4
TP_Integrated_EA,3.11_PRODUCTION,2025.05.13 02:15,NAS100,1,BUY,91.66666666666667,100.0,183.9165265449149,4320.7010193005535,2255.373996764472,0.0,-117.2683269347616,BULL,LOW,20861.7,40.99999999998545,0.0,0.0,1051.99,1051.99,0,PASS,PASS,2,2
TP_Integrated_EA,3.11_PRODUCTION,2025.05.13 13:50,NAS100,1,BUY,91.66666666666666,100.0,272.6415539578154,6021.587664762228,1589.0742674557064,0.0,343.3069356584259,BULL,NORMAL,20816.2,35.99999999998545,0.0,0.0,1051.99,1051.0,1,PASS,PASS,13,2
TP_Integrated_EA,3.11_PRODUCTION,2025.05.15 10:55,NAS100,-1,SELL,97.0,80.0,-740.8470812677721,-11153.984757870952,-1454.0718155145714,0.0,-15.709727568849416,BEAR,HIGH,21201.6,37.000000000007276,0.0,0.0,1051.99,1058.53,1,PASS,PASS,10,4
TP_Integrated_EA,3.11_PRODUCTION,2025.05.16 03:50,NAS100,-1,SELL,91.66666666666667,80.0,-246.69148273971896,-10053.490426561793,-3479.795823447459,0.0,164.5766667228297,BEAR,LOW,21292.5,42.999999999992724,0.0,0.0,1058.53,1056.63,1,PASS,PASS,3,5
TP_Integrated_EA,3.11_PRODUCTION,2025.05.16 09:45,NAS100,-1,SELL,91.66666666666667,80.0,-199.42742234546373,-7491.51686640492,-2726.0627971609683,0.0,-100.40553899430984,BEAR,NORMAL,21297.6,37.000000000007276,0.0,0.0,1058.53,1056.54,1,PASS,PASS,9,5
TP_Integrated_EA,3.11_PRODUCTION,2025.05.16 10:40,NAS100,1,BUY,91.66666666666667,100.0,299.31639457080695,11896.915934086946,1726.8716452036551,0.0,-384.94052461124863,BULL,NORMAL,21352.0,37.000000000007276,0.0,0.0,1058.53,1055.45,1,PASS,PASS,10,5
TP_Integrated_EA,3.11_PRODUCTION,2025.05.19 06:50,NAS100,-1,SELL,91.66666666666667,80.0,-309.38966186956554,-11755.857978412341,-2167.676945447914,0.0,-346.13703016383687,BEAR,NORMAL,21138.7,42.000000000007276,0.0,0.0,1055.45,1050.85,1,PASS,PASS,6,1
TP_Integrated_EA,3.11_PRODUCTION,2025.05.21 02:05,NAS100,1,BUY,91.66666666666667,100.0,379.7340079190531,4845.27754637206,1359.9983795111227,0.0,-90.93335295711995,BULL,NORMAL,21361.5,42.000000000007276,0.0,0.0,1050.85,1046.37,1,PASS,PASS,2,3
TP_Integrated_EA,3.11_PRODUCTION,2025.05.23 01:55,NAS100,-1,SELL,91.66666666666667,80.0,-334.1934617097303,-12857.233131628578,-4189.4828199982785,0.0,-254.18488148425422,BEAR,LOW,21084.4,42.999999999992724,0.0,0.0,1046.37,1040.56,1,PASS,PASS,1,5
TP_Integrated_EA,3.11_PRODUCTION,2025.05.23 08:25,NAS100,1,BUY,91.66666666666667,100.0,166.7107276232474,5901.410898854354,1428.4776582293398,0.0,-532.8174205931552,BULL,NORMAL,21127.2,37.000000000007276,0.0,0.0,1040.56,1039.61,1,PASS,PASS,8,5
TP_Integrated_EA,3.11_PRODUCTION,2025.05.23 09:20,NAS100,-1,SELL,94.33333333333334,80.0,-347.34342636242,-15503.734446331891,-3987.0399638856425,0.0,-363.68852638695785,BEAR,NORMAL,21044.8,37.999999999992724,0.0,0.0,1039.61,1037.89,1,PASS,PASS,9,5
TP_Integrated_EA,3.11_PRODUCTION,2025.05.23 13:00,NAS100,1,BUY,91.66666666666667,100.0,219.99773968211665,3216.585792760654,1679.9226203995236,0.0,-514.1748873743372,BULL,NORMAL,21130.2,37.000000000007276,0.0,0.0,1037.89,1036.11,1,PASS,PASS,13,5
TP_Integrated_EA,3.11_PRODUCTION,2025.05.23 20:20,NAS100,1,BUY,91.66666666666667,100.0,863.4610532868073,11758.882831689336,3520.4185730023287,0.0,574.5515501174175,BULL,NORMAL,21005.4,32.999999999992724,0.0,0.0,1036.11,1033.54,1,PASS,PASS,20,5
TP_Integrated_EA,3.11_PRODUCTION,2025.05.28 13:35,NAS100,1,BUY,91.66666666666667,100.0,337.05199550063895,11426.505349075047,1835.0469353811484,0.0,-33.10970867089219,BULL,NORMAL,21449.4,36.999999999970896,0.0,0.0,1036.11,1041.98,1,PASS,PASS,13,3
TP_Integrated_EA,3.11_PRODUCTION,2025.05.30 01:40,NAS100,-1,SELL,91.66666666666667,80.0,-515.8404511947219,-7608.697389122606,-1555.6137294759797,0.0,-91.18883619569041,BEAR,LOW,21314.4,42.999999999992724,0.0,0.0,1036.11,1039.1,1,PASS,PASS,1,5
TP_Integrated_EA,3.11_PRODUCTION,2025.05.30 08:15,NAS100,1,BUY,91.66666666666667,100.0,177.2372671662721,7872.252835697483,2219.9798023407784,0.0,-151.4200830154338,BULL,LOW,21331.4,36.999999999970896,0.0,0.0,1039.1,1038.69,1,PASS,PASS,8,5
TP_Integrated_EA,3.11_PRODUCTION,2025.06.03 14:10,NAS100,1,BUY,94.33333333333334,100.0,386.7284584307781,10738.931874960665,3739.8041025373186,0.0,615.5085179680157,BULL,NORMAL,21484.8,37.000000000007276,0.0,0.0,1038.66,1041.29,1,PASS,PASS,14,2
TP_Integrated_EA,3.11_PRODUCTION,2025.06.04 13:10,NAS100,1,BUY,97.0,100.0,266.83786966592334,4461.086018284284,1585.8628349456772,0.0,319.1424771585175,BULL,NORMAL,21736.0,37.999999999992724,0.0,0.0,1038.66,1046.22,1,PASS,PASS,13,3
TP_Integrated_EA,3.11_PRODUCTION,2025.06.04 13:35,NAS100,-1,SELL,94.33333333333334,80.0,-201.7473990503375,-5539.998887176836,-3501.672589947985,0.0,-280.764299260872,BEAR,NORMAL,21701.3,37.000000000007276,0.0,0.0,1038.66,1045.53,1,PASS,PASS,13,3
TP_Integrated_EA,3.11_PRODUCTION,2025.06.04 17:10,NAS100,-1,SELL,91.66666666666667,80.0,-621.2572362381511,-9501.438434261678,-8583.945367012391,0.0,-1040.8542994369488,BEAR,HIGH,21661.5,32.999999999992724,0.0,0.0,1045.53,1046.26,1,PASS,PASS,17,3
TP_Integrated_EA,3.11_PRODUCTION,2025.06.05 10:40,NAS100,1,BUY,91.66666666666667,100.0,556.2387524771837,19237.70908053376,2162.2481255584535,0.0,-330.7108013109026,BULL,HIGH,21802.4,37.999999999992724,0.0,0.0,1045.53,1043.46,1,PASS,PASS,10,4
TP_Integrated_EA,3.11_PRODUCTION,2025.06.05 22:50,NAS100,1,BUY,91.66666666666667,100.0,588.3514865473417,4448.172009252448,4696.471158134215,0.0,-586.3807035582252,BULL,NORMAL,21623.3,65.0,0.0,0.0,1043.46,1039.81,1,PASS,PASS,22,4
TP_Integrated_EA,3.11_PRODUCTION,2025.06.06 01:10,NAS100,-1,SELL,94.33333333333334,80.0,-1056.0903723855038,-9384.55256280385,-2413.078999508715,0.0,-538.1102335137989,BEAR,NORMAL,21482.0,42.000000000007276,0.0,0.0,1043.46,1036.89,1,PASS,PASS,1,5
TP_Integrated_EA,3.11_PRODUCTION,2025.06.06 12:25,NAS100,1,BUY,91.66666666666667,100.0,388.73679988682164,5260.967718967788,1737.2356471937353,0.0,139.25903608416814,BULL,NORMAL,21663.0,37.000000000007276,0.0,0.0,1036.89,1033.2,1,PASS,PASS,12,5
TP_Integrated_EA,3.11_PRODUCTION,2025.06.09 03:40,NAS100,-1,SELL,91.66666666666667,80.0,-194.41862121310123,-5079.000905962396,-2830.7250865546607,0.0,-45.01579110314947,BEAR,NORMAL,21742.6,43.000000000029104,0.0,0.0,1033.2,1034.46,1,PASS,PASS,3,1
TP_Integrated_EA,3.11_PRODUCTION,2025.06.09 14:35,NAS100,1,BUY,91.66666666666667,100.0,252.61882015425846,6645.654925695637,2675.7840231975556,0.0,393.86799654206203,BULL,NORMAL,21799.5,37.999999999992724,0.0,0.0,1034.46,1033.24,1,PASS,PASS,14,1
TP_Integrated_EA,3.11_PRODUCTION,2025.06.11 21:15,NAS100,-1,SELL,94.33333333333334,80.0,-816.5121472917956,-22970.664435438088,-3041.4337554407457,0.0,535.2062715835161,BEAR,NORMAL,21827.1,33.000000000029104,0.0,0.0,1033.24,1033.54,1,PASS,PASS,21,3
TP_Integrated_EA,3.11_PRODUCTION,2025.06.12 02:00,NAS100,-1,SELL,91.66666666666667,80.0,-228.3374970305261,-9086.803741029038,-4158.469147639935,0.0,-257.557484491996,BEAR,LOW,21830.5,42.999999999992724,0.0,0.0,1033.47,1033.17,1,PASS,PASS,2,4
TP_Integrated_EA,3.11_PRODUCTION,2025.06.12 03:55,NAS100,-1,SELL,94.33333333333334,80.0,-440.1103620696555,-7318.033221813981,-2501.4056840198405,0.0,-518.461613716483,BEAR,NORMAL,21789.8,42.999999999992724,0.0,0.0,1033.47,1033.99,1,PASS,PASS,3,4
TP_Integrated_EA,3.11_PRODUCTION,2025.06.16 15:25,NAS100,1,BUY,91.66666666666667,100.0,289.53702444840076,10022.500785793169,1321.0018072529663,0.0,351.0675799531125,BULL,NORMAL,21840.8,37.999999999992724,0.0,0.0,1033.47,1033.11,1,PASS,PASS,15,1
TP_Integrated_EA,3.11_PRODUCTION,2025.06.16 17:05,NAS100,1,BUY,94.33333333333334,100.0,1204.7583629789838,20177.18978171388,2213.5450934822256,0.0,-503.5579883568512,BULL,HIGH,21950.8,32.999999999992724,0.0,0.0,1033.11,1035.23,1,PASS,PASS,17,1
TP_Integrated_EA,3.11_PRODUCTION,2025.06.18 14:00,NAS100,-1,SELL,97.0,80.0,-403.05915877450445,-11544.40169480756,-1408.3567701764696,0.0,-43.68156865631427,BEAR,NORMAL,21743.3,37.999999999992724,0.0,0.0,1033.11,1030.9,1,PASS,PASS,14,3
TP_Integrated_EA,3.11_PRODUCTION,2025.06.19 09:00,NAS100,-1,SELL,91.66666666666667,80.0,-234.67678113923998,-8338.493597904939,-1572.9601923037353,0.0,-72.41850244654648,BEAR,NORMAL,21639.9,37.999999999992724,0.0,0.0,1030.9,1032.9,1,PASS,PASS,9,4
TP_Integrated_EA,3.11_PRODUCTION,2025.06.19 09:25,NAS100,-1,SELL,94.33333333333333,80.0,-195.8748024545517,-7384.540354533074,-1835.5688418876011,0.0,-606.255867042871,BEAR,NORMAL,21632.7,37.000000000007276,0.0,0.0,1030.9,1033.04,1,PASS,PASS,9,4
TP_Integrated_EA,3.11_PRODUCTION,2025.06.20 04:10,NAS100,-1,SELL,94.33333333333334,80.0,-429.89145214635687,-7887.1392861482345,-2740.1606921795096,0.0,-141.85479339778735,BEAR,NORMAL,21647.1,42.000000000007276,0.0,0.0,1030.9,1032.78,1,PASS,PASS,4,5
TP_Integrated_EA,3.11_PRODUCTION,2025.06.20 10:55,NAS100,1,BUY,91.66666666666667,100.0,308.09902890254807,3273.127207150299,1375.5725920237699,0.0,113.49538702424896,BULL,NORMAL,21710.8,37.000000000007276,0.0,0.0,1030.9,1031.51,1,PASS,PASS,10,5
TP_Integrated_EA,3.11_PRODUCTION,2025.06.20 11:05,NAS100,1,BUY,91.66666666666667,100.0,335.63290173446364,5263.052683449956,1305.789729053416,0.0,-7.050272054665143,BULL,NORMAL,21718.5,37.999999999992724,0.0,0.0,1031.51,1031.59,1,PASS,PASS,11,5
TP_Integrated_EA,3.11_PRODUCTION,2025.06.20 11:40,NAS100,-1,SELL,94.33333333333334,80.0,-219.74495591128647,-6345.383456815878,-2487.5419417129374,0.0,262.64376047228336,BEAR,NORMAL,21689.0,37.999999999992724,0.0,0.0,1031.51,1031.0,1,PASS,PASS,11,5
TP_Integrated_EA,3.11_PRODUCTION,2025.06.20 12:00,NAS100,-1,SELL,94.33333333333334,80.0,-353.7656703034606,-12990.853656102729,-1336.0571975635746,0.0,463.34414328670795,BEAR,NORMAL,21651.3,37.000000000007276,0.0,0.0,1031.0,1031.68,1,PASS,PASS,12,5
TP_Integrated_EA,3.11_PRODUCTION,2025.06.23 10:40,NAS100,1,BUY,91.66666666666667,100.0,647.1386421174601,11480.113096139567,5611.03440532607,0.0,1518.479242091863,BULL,HIGH,21689.4,37.999999999992724,0.0,0.0,1031.0,1031.02,1,PASS,PASS,10,1
TP_Integrated_EA,3.11_PRODUCTION,2025.06.23 14:15,NAS100,-1,SELL,97.0,80.0,-453.184759072312,-8562.856135570835,-2051.6411609675924,0.0,-417.71816143095,BEAR,NORMAL,21622.2,37.000000000007276,0.0,0.0,1030.98,1029.53,1,PASS,PASS,14,1
TP_Integrated_EA,3.11_PRODUCTION,2025.06.23 19:25,NAS100,-1,SELL,91.66666666666667,80.0,-646.6372459643424,-8670.5377655009,-2345.816813226913,0.0,-419.072360464398,BEAR,NORMAL,21688.4,32.999999999992724,0.0,0.0,1029.53,1028.1,1,PASS,PASS,19,1
TP_Integrated_EA,3.11_PRODUCTION,2025.06.24 05:20,NAS100,-1,SELL,91.66666666666667,80.0,-298.30661822863993,-5819.7617432368215,-4116.471726711498,0.0,-339.5973958395185,BEAR,NORMAL,22023.0,42.999999999992724,0.0,0.0,1029.53,1021.42,1,PASS,PASS,5,2
TP_Integrated_EA,3.11_PRODUCTION,2025.06.24 08:35,NAS100,1,BUY,99.66666666666667,100.0,227.40295965866284,8449.623462700227,1806.6516163509975,0.0,27.305833552903437,BULL,NORMAL,22076.0,37.999999999992724,0.0,0.0,1029.53,1020.37,1,PASS,PASS,8,2
TP_Integrated_EA,3.11_PRODUCTION,2025.06.24 09:15,NAS100,1,BUY,97.0,100.0,220.68342747639804,14334.080500645454,2742.616686736286,0.0,612.1779430531356,BULL,NORMAL,22129.8,37.000000000007276,0.0,0.0,1020.37,1021.37,1,PASS,PASS,9,2
TP_Integrated_EA,3.11_PRODUCTION,2025.06.27 21:30,NAS100,-1,SELL,97.0,80.0,-637.4607845232615,-12834.89539115563,-2112.3782345925883,0.0,-292.09614802243374,BEAR,NORMAL,22471.4,31.999999999970896,0.0,0.0,1020.37,1027.93,1,PASS,PASS,21,5
TP_Integrated_EA,3.11_PRODUCTION,2025.06.27 22:55,NAS100,1,BUY,91.66666666666667,100.0,716.3855828103522,11255.972963008016,1502.4221284684004,0.0,-312.9268831755594,BULL,NORMAL,22537.6,38.000000000029104,0.0,0.0,1027.93,1026.5,1,PASS,PASS,22,5
TP_Integrated_EA,3.11_PRODUCTION,2025.06.30 09:25,NAS100,1,BUY,91.66666666666667,100.0,170.33291114832406,8733.858648791738,2430.4849676559998,0.0,107.34907933081962,BULL,NORMAL,22705.8,37.000000000007276,0.0,0.0,1026.42,1029.39,1,PASS,PASS,9,1
TP_Integrated_EA,3.11_PRODUCTION,2025.06.30 10:10,NAS100,-1,SELL,91.66666666666667,80.0,-214.43736927764581,-6997.586219482288,-1764.2604386554103,0.0,113.28081483615968,BEAR,NORMAL,22665.6,38.000000000029104,0.0,0.0,1026.42,1028.59,1,PASS,PASS,10,1
TP_Integrated_EA,3.11_PRODUCTION,2025.06.30 12:40,NAS100,1,BUY,97.0,100.0,287.1347768295393,9927.869889164067,1280.7813675035263,0.0,-178.42414785584717,BULL,NORMAL,22717.6,38.000000000029104,0.0,0.0,1028.59,1027.47,1,PASS,PASS,12,1
TP_Integrated_EA,3.11_PRODUCTION,2025.07.02 01:45,NAS100,1,BUY,91.66666666666667,100.0,272.9051152067616,5517.883811890837,2380.7905047583595,0.0,526.6042355942775,BULL,LOW,22527.6,42.000000000007276,0.0,0.0,1027.47,1023.41,1,PASS,PASS,1,3
TP_Integrated_EA,3.11_PRODUCTION,2025.07.07 07:45,NAS100,-1,SELL,91.66666666666667,80.0,-175.62113935851482,-6899.312749340648,-1482.85797151088,0.0,434.08731872037856,BEAR,NORMAL,22768.1,42.000000000007276,0.0,0.0,1027.47,1027.78,1,PASS,PASS,7,1
TP_Integrated_EA,3.11_PRODUCTION,2025.07.07 13:10,NAS100,1,BUY,91.66666666666667,100.0,288.8458606096719,13518.302845448223,2666.2981734121604,0.0,57.60495067494102,BULL,NORMAL,22794.8,37.999999999992724,0.0,0.0,1027.78,1027.17,1,PASS,PASS,13,1
TP_Integrated_EA,3.11_PRODUCTION,2025.07.09 19:45,NAS100,1,BUY,91.66666666666667,100.0,555.2157445928082,4307.127058014816,1584.3370876842293,0.0,122.16098112488729,BULL,NORMAL,22811.2,32.999999999992724,0.0,0.0,1027.17,1027.24,1,PASS,PASS,19,3
TP_Integrated_EA,3.11_PRODUCTION,2025.07.10 15:40,NAS100,-1,SELL,91.66666666666667,80.0,-267.2756669379268,-5518.404022283175,-1526.5612711017427,0.0,87.7810892683816,BEAR,NORMAL,22870.2,37.999999999992724,0.0,0.0,1027.17,1028.33,1,PASS,PASS,15,4
TP_Integrated_EA,3.11_PRODUCTION,2025.07.14 13:35,NAS100,-1,SELL,91.66666666666667,80.0,-224.83180942983307,-4294.757650918771,-1849.050688647792,0.0,-261.4623309969303,BEAR,NORMAL,22712.0,37.000000000007276,0.0,0.0,1028.33,1031.55,1,PASS,PASS,13,1
TP_Integrated_EA,3.11_PRODUCTION,2025.07.15 15:20,NAS100,-1,SELL,94.33333333333334,80.0,-266.772084085809,-5963.179336885959,-1550.5232845512987,0.0,-273.09647957777383,BEAR,NORMAL,22986.7,37.999999999992724,0.0,0.0,1028.33,1026.08,1,PASS,PASS,15,2
TP_Integrated_EA,3.11_PRODUCTION,2025.07.15 15:45,NAS100,1,BUY,91.66666666666667,100.0,255.39939633436765,3666.0801114376072,3013.594913759045,0.0,217.81831565052525,BULL,NORMAL,23003.3,40.0,0.0,0.0,1028.33,1025.75,1,PASS,PASS,15,2
TP_Integrated_EA,3.11_PRODUCTION,2025.07.15 16:05,NAS100,1,BUY,91.66666666666667,100.0,348.127411621594,8372.119807755433,1986.0664081577806,0.0,91.40401541319267,BULL,NORMAL,23036.1,39.00000000001455,0.0,0.0,1025.75,1026.33,1,PASS,PASS,16,2
TP_Integrated_EA,3.11_PRODUCTION,2025.07.16 15:35,NAS100,1,BUY,91.66666666666667,100.0,287.4077570728238,8930.6221228531,3154.223314074646,0.0,368.4978101510317,BULL,NORMAL,22904.0,37.000000000007276,0.0,0.0,1025.75,1023.6,1,PASS,PASS,15,3
TP_Integrated_EA,3.11_PRODUCTION,2025.07.17 08:50,NAS100,1,BUY,91.66666666666667,100.0,179.0838221045563,14742.85778440701,2983.291808882429,0.0,4.5408835370293446,BULL,NORMAL,22934.9,36.999999999970896,0.0,0.0,1025.75,1024.13,1,PASS,PASS,8,4
TP_Integrated_EA,3.11_PRODUCTION,2025.07.21 23:00,NAS100,-1,SELL,97.0,80.0,-378.0522090233723,-8965.546601011236,-1824.23409304827,0.0,-365.14019221542054,BEAR,NORMAL,23198.6,35.0,0.0,0.0,1025.75,1029.05,1,PASS,PASS,23,1
TP_Integrated_EA,3.11_PRODUCTION,2025.07.22 20:30,NAS100,1,BUY,91.66666666666667,100.0,523.9880525120851,7918.222075843136,3025.228600639927,0.0,288.54163285168136,BULL,NORMAL,23100.7,33.99999999997817,0.0,0.0,1029.05,1030.99,1,PASS,PASS,20,2
TP_Integrated_EA,3.11_PRODUCTION,2025.07.23 18:55,NAS100,1,BUY,91.66666666666666,100.0,655.3866937620503,9458.667492822216,4691.353165763321,0.0,869.3257827387481,BULL,NORMAL,23128.2,52.999999999992724,0.0,0.0,1030.99,1031.36,1,PASS,PASS,18,3
TP_Integrated_EA,3.11_PRODUCTION,2025.07.23 19:30,NAS100,-1,SELL,91.66666666666667,80.0,-299.3061468671541,-4656.541953266198,-3900.7032798923487,0.0,-29.9633357661873,BEAR,NORMAL,23072.4,33.99999999997817,0.0,0.0,1030.99,1030.24,1,PASS,PASS,19,3
TP_Integrated_EA,3.11_PRODUCTION,2025.07.25 03:25,NAS100,1,BUY,94.33333333333334,100.0,170.805957680482,6494.832782518393,1478.6510559437588,0.0,132.89042763600224,BULL,NORMAL,23287.6,45.0,0.0,0.0,1030.24,1025.88,1,PASS,PASS,3,5
TP_Integrated_EA,3.11_PRODUCTION,2025.07.29 16:35,NAS100,1,BUY,91.66666666666667,100.0,225.60567200467017,9126.605960014474,5274.971739285161,0.0,533.5053051050687,BULL,NORMAL,23505.0,35.0,0.0,0.0,1025.88,1029.79,1,PASS,PASS,16,2
TP_Integrated_EA,3.11_PRODUCTION,2025.07.30 10:20,NAS100,-1,SELL,91.66666666666667,80.0,-166.36287608043156,-9660.25391032776,-1545.1948513037255,0.0,207.46710716801977,BEAR,NORMAL,23357.2,38.99999999997817,0.0,0.0,1025.88,1026.74,1,PASS,PASS,10,3
TP_Integrated_EA,3.11_PRODUCTION,2025.07.30 13:15,NAS100,1,BUY,91.66666666666667,100.0,170.49562641980344,5124.977247935361,3288.6435824912346,0.0,469.11768128452366,BULL,NORMAL,23377.7,38.99999999997817,0.0,0.0,1026.74,1026.24,1,PASS,PASS,13,3
TP_Integrated_EA,3.11_PRODUCTION,2025.07.31 21:00,NAS100,-1,SELL,91.66666666666666,80.0,-409.9504519771663,-17750.86323394623,-2346.9630696705917,0.0,-706.7630513046162,BEAR,NORMAL,23273.4,35.0,0.0,0.0,1026.24,1023.99,1,PASS,PASS,21,4
TP_Integrated_EA,3.11_PRODUCTION,2025.08.01 01:55,NAS100,-1,SELL,91.66666666666667,80.0,-639.8410214954222,-8573.375698290007,-1351.2732337406594,0.0,-71.38216731294182,BEAR,NORMAL,23159.7,43.99999999997817,0.0,0.0,1023.99,1026.06,1,PASS,PASS,1,5
TP_Integrated_EA,3.11_PRODUCTION,2025.08.01 08:40,NAS100,-1,SELL,91.66666666666667,80.0,-209.7383959925325,-3219.3912341310106,-1363.1036222958528,0.0,-139.66864194241006,BEAR,NORMAL,23187.5,39.00000000001455,0.0,0.0,1023.99,1025.52,1,PASS,PASS,8,5
TP_Integrated_EA,3.11_PRODUCTION,2025.08.01 09:15,NAS100,-1,SELL,91.66666666666667,80.0,-207.65826803417934,-7225.232421225468,-1876.9662156328075,0.0,-323.38664295337014,BEAR,NORMAL,23160.0,39.00000000001455,0.0,0.0,1023.99,1026.07,1,PASS,PASS,9,5
TP_Integrated_EA,3.11_PRODUCTION,2025.08.01 09:30,NAS100,-1,SELL,94.33333333333333,80.0,-240.54244978790308,-9996.046701030045,-2548.9538866724433,0.0,-366.90363990394894,BEAR,NORMAL,23144.5,39.00000000001455,0.0,0.0,1023.99,1026.38,1,PASS,PASS,9,5
TP_Integrated_EA,3.11_PRODUCTION,2025.08.05 13:10,NAS100,1,BUY,94.33333333333334,100.0,202.09008853264714,6412.123911335648,2495.368922302123,0.0,407.6249751798224,BULL,NORMAL,23258.2,40.0,0.0,0.0,1023.99,1024.23,1,PASS,PASS,13,2
TP_Integrated_EA,3.11_PRODUCTION,2025.08.05 20:55,NAS100,1,BUY,97.0,100.0,598.1361552655436,9350.487175234925,1397.6475856904078,0.0,-36.983874844187255,BULL,NORMAL,23138.9,33.99999999997817,0.0,0.0,1024.23,1021.76,1,PASS,PASS,20,2
TP_Integrated_EA,3.11_PRODUCTION,2025.08.06 03:00,NAS100,-1,SELL,94.33333333333334,80.0,-301.1878257204503,-5997.931479462668,-4022.201546924559,0.0,-752.3388939882469,BEAR,LOW,22952.5,42.999999999992724,0.0,0.0,1024.23,1017.95,1,PASS,PASS,3,3
TP_Integrated_EA,3.11_PRODUCTION,2025.08.06 03:40,NAS100,1,BUY,91.66666666666667,100.0,330.7914093302229,3368.1820980770817,1324.1163196643288,0.0,99.79223539581324,BULL,NORMAL,22988.0,44.00000000001455,0.0,0.0,1017.95,1017.1,1,PASS,PASS,3,3
TP_Integrated_EA,3.11_PRODUCTION,2025.08.06 08:45,NAS100,1,BUY,91.66666666666667,100.0,173.65573998042228,11475.368204394632,2611.7356800497937,0.0,-246.36470603198887,BULL,NORMAL,23093.9,40.0,0.0,0.0,1017.1,1019.13,1,PASS,PASS,8,3
TP_Integrated_EA,3.11_PRODUCTION,2025.08.08 15:25,NAS100,-1,SELL,91.66666666666667,80.0,-192.9716619504057,-14720.581345142335,-2493.1020314794964,0.0,590.9221909796788,BEAR,NORMAL,23438.6,40.0,0.0,0.0,1017.1,1025.84,1,PASS,PASS,15,5
TP_Integrated_EA,3.11_PRODUCTION,2025.08.13 16:35,NAS100,1,BUY,91.66666666666666,100.0,246.46513715641902,8654.902995129014,1566.3522296246265,0.0,188.97604692748155,BULL,NORMAL,23975.8,34.00000000001455,0.0,0.0,1015.99,1015.99,0,PASS,PASS,16,3
TP_Integrated_EA,3.11_PRODUCTION,2025.08.15 05:15,NAS100,1,BUY,94.33333333333334,100.0,179.87437522101806,5024.529491133744,1748.1187251353913,0.0,326.1547036555786,BULL,NORMAL,23835.1,45.0,0.0,0.0,1015.99,1012.93,1,PASS,PASS,5,5
TP_Integrated_EA,3.11_PRODUCTION,2025.08.18 09:30,NAS100,-1,SELL,91.66666666666667,80.0,-176.0434993633114,-15003.27098363692,-2720.1910341460916,0.0,323.7925571576093,BEAR,NORMAL,23729.4,40.0,0.0,0.0,1015.99,1010.55,1,PASS,PASS,9,1
TP_Integrated_EA,3.11_PRODUCTION,2025.08.19 03:45,NAS100,-1,SELL,94.33333333333333,80.0,-226.06046593120243,-10581.819934119754,-1531.1372621836927,0.0,37.11582217591932,BEAR,NORMAL,23698.9,45.0,0.0,0.0,1010.55,1011.1,1,PASS,PASS,3,2
TP_Integrated_EA,3.11_PRODUCTION,2025.08.19 12:25,NAS100,1,BUY,91.66666666666667,100.0,204.79518049666476,6131.147584251657,1309.8039392020655,0.0,357.0338839369773,BULL,NORMAL,23729.7,38.99999999997817,0.0,0.0,1010.55,1010.5,1,PASS,PASS,12,2
TP_Integrated_EA,3.11_PRODUCTION,2025.08.19 19:55,NAS100,-1,SELL,91.66666666666667,80.0,-666.7710693742104,-10754.522894729904,-1362.325809341928,0.0,79.82190818700008,BEAR,NORMAL,23416.9,35.0,0.0,0.0,1010.5,1004.17,1,PASS,PASS,19,2
TP_Integrated_EA,3.11_PRODUCTION,2025.08.20 09:05,NAS100,1,BUY,94.33333333333334,100.0,231.72663939331034,5473.289992688704,1618.7117930768,0.0,72.36713614560378,BULL,NORMAL,23304.1,40.0,0.0,0.0,1004.17,1006.38,1,PASS,PASS,9,3
TP_Integrated_EA,3.11_PRODUCTION,2025.08.22 10:10,NAS100,1,BUY,91.66666666666667,100.0,422.5037294178212,4585.8759508867515,6218.757929153189,0.0,160.67632057640458,BULL,HIGH,23104.4,40.0,0.0,0.0,1006.38,1002.13,1,PASS,PASS,10,5
TP_Integrated_EA,3.11_PRODUCTION,2025.08.26 03:40,NAS100,-1,SELL,91.66666666666666,80.0,-796.5863680240072,-12101.35890477092,-4124.170067783713,0.0,-744.3152684883048,BEAR,HIGH,23364.9,45.0,0.0,0.0,1006.38,1006.99,1,PASS,PASS,3,2
TP_Integrated_EA,3.11_PRODUCTION,2025.08.27 10:25,NAS100,-1,SELL,94.33333333333334,80.0,-250.94141324646893,-6200.239629620556,-2983.8154874362062,0.0,-356.3204834581287,BEAR,NORMAL,23532.2,40.0,0.0,0.0,1006.99,1003.58,1,PASS,PASS,10,3
TP_Integrated_EA,3.11_PRODUCTION,2025.08.28 09:35,NAS100,1,BUY,91.66666666666667,100.0,173.38971957634877,12064.20699187218,4891.69875546414,0.0,135.2252700514183,BULL,NORMAL,23547.8,40.0,0.0,0.0,1006.99,1003.3,1,PASS,PASS,9,4
TP_Integrated_EA,3.11_PRODUCTION,2025.09.01 05:20,NAS100,-1,SELL,91.66666666666667,80.0,-222.70693923735973,-14499.777848928112,-2436.402553730847,0.0,30.84004802967047,BEAR,NORMAL,23443.2,45.0,0.0,0.0,1003.3,1000.78,1,PASS,PASS,5,1
TP_Integrated_EA,3.11_PRODUCTION,2025.09.02 01:55,NAS100,-1,SELL,91.66666666666667,80.0,-192.53788911302212,-5442.394987802527,-1407.114102238505,0.0,-248.8037268305333,BEAR,NORMAL,23434.8,44.00000000001455,0.0,0.0,1000.78,1000.89,1,PASS,PASS,1,2
TP_Integrated_EA,3.11_PRODUCTION,2025.09.02 10:50,NAS100,-1,SELL,97.0,80.0,-869.2060911610125,-18393.357711522,-7401.442198767988,0.0,-1433.0488138008843,BEAR,HIGH,23278.0,40.0,0.0,0.0,1000.78,1004.03,1,PASS,PASS,10,2
TP_Integrated_EA,3.11_PRODUCTION,2025.09.02 20:35,NAS100,1,BUY,94.33333333333333,100.0,467.1891352499737,13881.756491958731,5070.136488374732,0.0,1121.0185982020603,BULL,NORMAL,23161.3,34.00000000001455,0.0,0.0,1000.78,1006.38,1,PASS,PASS,20,2
TP_Integrated_EA,3.11_PRODUCTION,2025.09.02 23:10,NAS100,1,BUY,94.33333333333333,100.0,641.4162664493163,18580.58487562563,6675.096018092833,0.0,1118.1072958958084,BULL,NORMAL,23334.0,35.0,0.0,0.0,1006.38,1009.78,1,PASS,PASS,23,2
TP_Integrated_EA,3.11_PRODUCTION,2025.09.08 07:15,NAS100,-1,SELL,91.66666666666667,80.0,-170.2605636437826,-3261.8265755292487,-1324.6884069814027,0.0,-96.31001440451355,BEAR,NORMAL,23722.5,44.00000000001455,0.0,0.0,1006.38,1017.02,1,PASS,PASS,7,1
TP_Integrated_EA,3.11_PRODUCTION,2025.09.08 09:20,NAS100,1,BUY,91.66666666666667,100.0,196.3231204188134,6888.472496993393,2009.6349543431265,0.0,-86.3088634597258,BULL,NORMAL,23735.0,39.00000000001455,0.0,0.0,1017.02,1016.69,1,PASS,PASS,9,1
TP_Integrated_EA,3.11_PRODUCTION,2025.09.08 16:45,NAS100,1,BUY,94.33333333333333,100.0,675.0172181284784,11336.867648477513,2664.3642723074513,0.0,261.495088406942,BULL,HIGH,23810.5,34.00000000001455,0.0,0.0,1016.69,1018.12,1,PASS,PASS,16,1
TP_Integrated_EA,3.11_PRODUCTION,2025.09.08 22:50,NAS100,1,BUY,91.66666666666667,100.0,208.97846739345778,6120.582803769486,4642.011313997429,0.0,380.521903461507,BULL,NORMAL,23791.0,34.00000000001455,0.0,0.0,1016.69,1017.73,1,PASS,PASS,22,1
TP_Integrated_EA,3.11_PRODUCTION,2025.09.09 05:20,NAS100,1,BUY,97.0,100.0,176.89036822602722,9585.095016780659,1326.9093906769863,0.0,-241.43184994971227,BULL,NORMAL,23820.0,44.00000000001455,0.0,0.0,1016.69,1018.22,1,PASS,PASS,5,2
TP_Integrated_EA,3.11_PRODUCTION,2025.09.09 16:45,NAS100,1,BUY,94.33333333333334,100.0,498.26265579253004,3411.4279689460864,2453.3156185007233,0.0,58.982698481577586,BULL,HIGH,23828.8,34.00000000001455,0.0,0.0,1016.69,1018.4,1,PASS,PASS,16,2
TP_Integrated_EA,3.11_PRODUCTION,2025.09.09 17:00,NAS100,-1,SELL,94.33333333333334,80.0,-517.1394240828331,-3418.46010862243,-1652.552284721869,0.0,-177.93389357202534,BEAR,HIGH,23802.3,44.00000000001455,0.0,0.0,1016.69,1017.87,1,PASS,PASS,17,2
TP_Integrated_EA,3.11_PRODUCTION,2025.09.10 03:25,NAS100,1,BUY,94.33333333333334,100.0,198.3605278285949,3753.776043069458,1500.3121236940085,0.0,138.2347756243301,BULL,LOW,23887.0,45.0,0.0,0.0,1017.89,1016.2,1,PASS,PASS,3,3
TP_Integrated_EA,3.11_PRODUCTION,2025.09.12 11:15,NAS100,-1,SELL,91.66666666666667,80.0,-398.2604420354473,-8119.825160584385,-3738.287677320911,0.0,-602.4952441917109,BEAR,HIGH,23984.3,39.00000000001455,0.0,0.0,1016.2,1017.88,1,PASS,PASS,11,5
TP_Integrated_EA,3.11_PRODUCTION,2025.09.12 17:35,NAS100,1,BUY,91.66666666666667,100.0,889.2045580297182,9061.626041613874,3548.386173107236,0.0,598.5476938198103,BULL,HIGH,24079.0,35.0,0.0,0.0,1017.88,1015.9,1,PASS,PASS,17,5
TP_Integrated_EA,3.11_PRODUCTION,2025.09.17 10:35,NAS100,1,BUY,94.33333333333333,100.0,192.95273038243937,7137.354872138044,2224.7221293267057,0.0,374.7836391626264,BULL,NORMAL,24330.0,40.0,0.0,0.0,1015.9,1020.41,1,PASS,PASS,10,3
TP_Integrated_EA,3.11_PRODUCTION,2025.09.17 20:40,NAS100,1,BUY,91.66666666666667,100.0,429.7740190852709,7843.358270005341,3014.2170967696,0.0,261.4368365223438,BULL,NORMAL,24214.5,35.0,0.0,0.0,1015.9,1018.1,1,PASS,PASS,20,3
TP_Integrated_EA,3.11_PRODUCTION,2025.09.17 21:05,NAS100,1,BUY,91.66666666666667,100.0,539.4218220492353,15263.134943782816,4282.637257977243,0.0,454.5563938782786,BULL,NORMAL,24284.5,35.0,0.0,0.0,1015.9,1019.5,1,PASS,PASS,21,3
TP_Integrated_EA,3.11_PRODUCTION,2025.09.18 16:00,NAS100,-1,SELL,91.66666666666667,80.0,-340.3531399122052,-9151.022341132699,-3162.838149838778,0.0,-73.41836779262974,BEAR,NORMAL,24464.9,40.0,0.0,0.0,1015.9,1023.01,1,PASS,PASS,16,4
TP_Integrated_EA,3.11_PRODUCTION,2025.09.19 22:55,NAS100,1,BUY,91.66666666666666,100.0,325.3608107153491,6780.656876730025,1809.3035618630636,0.0,355.9172330618186,BULL,NORMAL,24648.5,35.0,0.0,0.0,1022.99,1019.23,1,PASS,PASS,22,5
TP_Integrated_EA,3.11_PRODUCTION,2025.09.19 23:05,NAS100,1,BUY,91.66666666666666,100.0,371.2520020654106,9191.204294629133,3460.1105948566847,0.0,712.4881952891237,BULL,NORMAL,24656.0,35.0,0.0,0.0,1019.26,1019.3,1,PASS,PASS,23,5
TP_Integrated_EA,3.11_PRODUCTION,2025.09.22 11:15,NAS100,1,BUY,91.66666666666667,100.0,638.8328474458552,4379.279604760813,1370.599098162655,0.0,-420.75435409936443,BULL,HIGH,24592.4,40.0,0.0,0.0,1019.26,1017.76,1,PASS,PASS,11,1
TP_Integrated_EA,3.11_PRODUCTION,2025.09.22 16:50,NAS100,1,BUY,91.66666666666667,100.0,419.0543349008883,13153.797964087376,1698.1595907140613,0.0,-5.878032367095308,BULL,NORMAL,24643.2,33.99999999997817,0.0,0.0,1019.26,1018.78,1,PASS,PASS,16,1
TP_Integrated_EA,3.11_PRODUCTION,2025.09.23 11:15,NAS100,1,BUY,91.66666666666667,100.0,363.45227913937816,5122.251038823403,1364.388475181157,0.0,51.072448132709866,BULL,NORMAL,24799.1,39.00000000001455,0.0,0.0,1019.26,1021.81,1,PASS,PASS,11,2
TP_Integrated_EA,3.11_PRODUCTION,2025.09.23 19:10,NAS100,-1,SELL,91.66666666666667,80.0,-406.56174231653654,-5461.360452655388,-2952.792044139528,0.0,-491.80498494289907,BEAR,NORMAL,24709.3,35.0,0.0,0.0,1019.26,1020.01,1,PASS,PASS,19,2
TP_Integrated_EA,3.11_PRODUCTION,2025.09.25 15:00,NAS100,-1,SELL,91.66666666666666,80.0,-481.3108873596369,-10980.48009034477,-1575.5686004403713,0.0,-381.32213764181404,BEAR,NORMAL,24386.1,40.0,0.0,0.0,1020.01,1026.45,1,PASS,PASS,15,4
TP_Integrated_EA,3.11_PRODUCTION,2025.09.25 21:30,NAS100,1,BUY,91.66666666666667,100.0,382.0386102809124,8678.27945027191,7180.7954235489115,0.0,127.61628822623607,BULL,NORMAL,24376.1,35.0,0.0,0.0,1020.01,1026.66,1,PASS,PASS,21,4
TP_Integrated_EA,3.11_PRODUCTION,2025.09.26 09:10,NAS100,1,BUY,94.33333333333334,100.0,253.82492876726425,9835.185259397502,2707.6229954230685,0.0,300.3819111579662,BULL,NORMAL,24437.2,40.0,0.0,0.0,1026.66,1027.75,1,PASS,PASS,9,5
TP_Integrated_EA,3.11_PRODUCTION,2025.09.29 22:10,NAS100,-1,SELL,91.66666666666667,80.0,-374.5631054769856,-7034.713160934161,-3143.2964408102425,0.0,-370.7316425974452,BEAR,NORMAL,24619.5,35.0,0.0,0.0,1026.66,1031.14,1,PASS,PASS,22,1
TP_Integrated_EA,3.11_PRODUCTION,2025.09.30 20:55,NAS100,1,BUY,91.66666666666667,100.0,216.84194421468766,3874.6956876766717,5505.570599330874,0.0,617.836035369533,BULL,NORMAL,24603.6,34.00000000001455,0.0,0.0,1031.14,1031.42,1,PASS,PASS,20,2
TP_Integrated_EA,3.11_PRODUCTION,2025.09.30 21:20,NAS100,1,BUY,94.33333333333334,100.0,462.7555646702514,7136.3788194218205,2467.498827162972,0.0,243.67494292760443,BULL,NORMAL,24616.2,33.99999999997817,0.0,0.0,1031.42,1031.61,1,PASS,PASS,21,2
TP_Integrated_EA,3.11_PRODUCTION,2025.10.01 06:20,NAS100,-1,SELL,94.33333333333333,80.0,-224.24430131732316,-7503.301776439114,-1514.6905107729679,0.0,-152.38468593246574,BEAR,NORMAL,24576.2,43.99999999997817,0.0,0.0,1031.42,1030.72,1,PASS,PASS,6,3
TP_Integrated_EA,3.11_PRODUCTION,2025.10.03 20:55,NAS100,-1,SELL,94.33333333333333,80.0,-681.4511766692203,-19265.20932723166,-5619.014172551519,0.0,-1169.951593585731,BEAR,NORMAL,24738.4,35.0,0.0,0.0,1030.72,1027.47,1,PASS,PASS,20,5
TP_Integrated_EA,3.11_PRODUCTION,2025.10.07 09:30,NAS100,-1,SELL,94.33333333333334,80.0,-172.9792172939548,-10290.97704882728,-2618.760943864406,0.0,-68.7279097336679,BEAR,NORMAL,24968.0,39.00000000001455,0.0,0.0,1030.72,1023.0,1,PASS,PASS,9,2
TP_Integrated_EA,3.11_PRODUCTION,2025.10.08 10:35,NAS100,1,BUY,91.66666666666667,100.0,410.02506134329803,6146.766633795731,1433.0908886715483,0.0,52.851736669842296,BULL,NORMAL,24892.4,40.0,0.0,0.0,1020.91,1020.91,0,PASS,PASS,10,3
TP_Integrated_EA,3.11_PRODUCTION,2025.10.08 17:05,NAS100,1,BUY,91.66666666666667,100.0,777.8951008734008,19477.809052766075,1858.0898811939733,0.0,-4.99867819841279,BULL,HIGH,25025.6,36.00000000002183,0.0,0.0,1020.91,1023.49,1,PASS,PASS,17,3
TP_Integrated_EA,3.11_PRODUCTION,2025.10.10 09:45,NAS100,-1,SELL,91.66666666666667,80.0,-195.03459320284736,-4536.287341580399,-2207.2545567452116,0.0,326.47292417185963,BEAR,NORMAL,25151.7,42.000000000007276,0.0,0.0,1020.91,1025.84,1,PASS,PASS,9,5
TP_Integrated_EA,3.11_PRODUCTION,2025.10.10 12:50,NAS100,-1,SELL,94.33333333333334,80.0,-354.52961386014726,-10657.228745563132,-1355.7818591126156,0.0,105.54777010361255,BEAR,NORMAL,25100.1,41.00000000002183,0.0,0.0,1025.84,1026.81,1,PASS,PASS,12,5
TP_Integrated_EA,3.11_PRODUCTION,2025.10.14 02:45,NAS100,-1,SELL,91.66666666666667,80.0,-286.72738828133254,-3824.796370095616,-2313.9636355268613,0.0,-354.1920710417601,BEAR,LOW,24747.6,45.0,0.0,0.0,1045.88,1045.88,0,PASS,PASS,2,2
TP_Integrated_EA,3.11_PRODUCTION,2025.10.14 05:40,NAS100,-1,SELL,94.33333333333334,80.0,-222.27734790153588,-6660.247511997981,-4020.9797894920957,0.0,-445.5471260931906,BEAR,NORMAL,24822.4,45.0,0.0,0.0,1045.88,1044.29,1,PASS,PASS,5,2
TP_Integrated_EA,3.11_PRODUCTION,2025.10.14 06:05,NAS100,-1,SELL,94.33333333333334,80.0,-344.62376597881797,-13632.468212738178,-2611.389770122181,0.0,-79.33939603951117,BEAR,NORMAL,24780.6,44.00000000001455,0.0,0.0,1045.88,1045.13,1,PASS,PASS,6,2
TP_Integrated_EA,3.11_PRODUCTION,2025.10.14 13:05,NAS100,-1,SELL,91.66666666666667,80.0,-543.7342688999878,-7066.251408523375,-1721.0804618006675,0.0,-225.72739967078053,BEAR,NORMAL,24473.6,40.0,0.0,0.0,1045.88,1051.28,1,PASS,PASS,13,2
TP_Integrated_EA,3.11_PRODUCTION,2025.10.14 13:30,NAS100,-1,SELL,91.66666666666667,80.0,-569.4840189498115,-11288.35744726476,-1807.3059751281776,0.0,-106.39139102916761,BEAR,NORMAL,24419.6,40.0,0.0,0.0,1045.88,1052.36,1,PASS,PASS,13,2
TP_Integrated_EA,3.11_PRODUCTION,2025.10.14 13:45,NAS100,-1,SELL,99.66666666666667,80.0,-685.1767463555136,-17837.02326983056,-3744.882381958102,0.0,-389.0397783080808,BEAR,NORMAL,24372.6,40.0,0.0,0.0,1045.88,1053.3,1,PASS,PASS,13,2
TP_Integrated_EA,3.11_PRODUCTION,2025.10.16 04:20,NAS100,1,BUY,94.33333333333334,100.0,437.30589320695367,6543.212462476826,1369.9845096439308,0.0,-415.8185745597905,BULL,NORMAL,24785.2,43.99999999997817,0.0,0.0,1045.88,1045.1,1,PASS,PASS,4,4
TP_Integrated_EA,3.11_PRODUCTION,2025.10.16 15:15,NAS100,-1,SELL,91.66666666666667,80.0,-277.96907517230284,-7331.748311338513,-3604.9291484258056,0.0,-393.71015561161266,BEAR,NORMAL,24878.7,40.0,0.0,0.0,1045.1,1046.88,1,PASS,PASS,15,4
TP_Integrated_EA,3.11_PRODUCTION,2025.10.17 08:45,NAS100,-1,SELL,91.66666666666666,80.0,-336.8037355758977,-13433.234467561488,-2470.6690960169153,0.0,-530.2858373471461,BEAR,NORMAL,24475.7,38.99999999997817,0.0,0.0,1046.88,1054.88,1,PASS,PASS,8,5
TP_Integrated_EA,3.11_PRODUCTION,2025.10.17 10:15,NAS100,-1,SELL,97.0,80.0,-1062.3648512954742,-20027.281835368507,-3498.53710480574,0.0,-217.14690780943684,BEAR,NORMAL,24350.5,40.99999999998545,0.0,0.0,1046.88,1057.38,1,PASS,PASS,10,5
TP_Integrated_EA,3.11_PRODUCTION,2025.10.20 06:50,NAS100,1,BUY,94.33333333333333,100.0,237.19046376666157,6925.22822410851,1877.687000589035,0.0,274.5577480365673,BULL,LOW,24944.7,43.99999999997817,0.0,0.0,1046.88,1045.59,1,PASS,PASS,6,1
TP_Integrated_EA,3.11_PRODUCTION,2025.10.20 07:05,NAS100,1,BUY,94.33333333333333,100.0,252.2082855604857,11616.176906267001,2019.9976406433143,0.0,8.340578431029087,BULL,LOW,24963.9,45.0,0.0,0.0,1045.59,1045.89,1,PASS,PASS,7,1
TP_Integrated_EA,3.11_PRODUCTION,2025.10.21 12:15,NAS100,1,BUY,91.66666666666667,100.0,280.74355614884735,3129.4589778665813,2108.577679509584,0.0,338.1656212585469,BULL,NORMAL,25148.2,42.000000000007276,0.0,0.0,1045.59,1049.48,1,PASS,PASS,12,2
TP_Integrated_EA,3.11_PRODUCTION,2025.10.21 16:50,NAS100,-1,SELL,91.66666666666667,80.0,-686.2672478494446,-10080.832252070297,-5250.508798598816,0.0,-1106.5097617543595,BEAR,HIGH,25101.1,36.00000000002183,0.0,0.0,1045.59,1048.54,1,PASS,PASS,16,2
TP_Integrated_EA,3.11_PRODUCTION,2025.10.22 05:00,NAS100,1,BUY,91.66666666666667,100.0,261.81512383221036,6557.858064947027,2651.14753534164,0.0,499.7238861244817,BULL,NORMAL,25133.1,46.00000000002183,0.0,0.0,1048.54,1047.86,1,PASS,PASS,5,3
TP_Integrated_EA,3.11_PRODUCTION,2025.10.22 05:25,NAS100,1,BUY,99.66666666666667,100.0,218.77701219190232,8476.87704430796,1727.5287905692055,0.0,314.85457768886806,BULL,NORMAL,25145.3,47.000000000007276,0.0,0.0,1047.86,1048.04,1,PASS,PASS,5,3
TP_Integrated_EA,3.11_PRODUCTION,2025.10.22 14:15,NAS100,-1,SELL,91.66666666666667,80.0,-242.94339727107126,-11397.890290224652,-4262.979832604767,0.0,250.32003617834414,BEAR,NORMAL,25113.8,42.000000000007276,0.0,0.0,1047.86,1047.41,1,PASS,PASS,14,3
TP_Integrated_EA,3.11_PRODUCTION,2025.10.23 14:15,NAS100,-1,SELL,94.33333333333334,80.0,-401.3424945096229,-9925.672427931997,-2941.6491824559293,0.0,-295.6692694996352,BEAR,NORMAL,24872.1,40.0,0.0,0.0,1047.41,1052.16,1,PASS,PASS,14,4
TP_Integrated_EA,3.11_PRODUCTION,2025.10.24 04:15,NAS100,1,BUY,94.33333333333334,100.0,173.80768666940713,7002.068069580263,3017.0040656424244,0.0,379.3038926359218,BULL,NORMAL,25190.1,46.00000000002183,0.0,0.0,1047.41,1045.82,1,PASS,PASS,4,5
TP_Integrated_EA,3.11_PRODUCTION,2025.10.27 04:50,NAS100,1,BUY,91.66666666666667,100.0,189.02077310984697,8068.154315429859,2517.5523651706453,0.0,214.2918321135116,BULL,LOW,25629.5,47.000000000007276,0.0,0.0,1045.82,1054.26,1,PASS,PASS,4,1
TP_Integrated_EA,3.11_PRODUCTION,2025.10.27 11:00,NAS100,1,BUY,91.66666666666667,100.0,184.6936601551182,5049.367884524886,1412.8041141850417,0.0,-331.79312068296264,BULL,NORMAL,25685.0,42.000000000007276,0.0,0.0,1045.82,1055.37,1,PASS,PASS,11,1
TP_Integrated_EA,3.11_PRODUCTION,2025.10.29 04:05,NAS100,1,BUY,94.33333333333334,100.0,247.67933685144754,9283.563267564408,2600.3011180596395,0.0,370.37445340301826,BULL,NORMAL,26114.1,46.00000000002183,0.0,0.0,1045.82,1063.77,1,PASS,PASS,4,3
TP_Integrated_EA,3.11_PRODUCTION,2025.10.29 08:25,NAS100,1,BUY,91.66666666666666,100.0,188.27328611382413,8855.746679517653,1875.7065744369054,0.0,62.171239878168564,BULL,NORMAL,26168.2,42.000000000007276,0.0,0.0,1045.82,1064.85,1,PASS,PASS,8,3
TP_Integrated_EA,3.11_PRODUCTION,2025.10.30 11:25,NAS100,-1,SELL,91.66666666666667,80.0,-239.07113090432279,-3966.993575678528,-4199.434467421997,0.0,-650.9470908226713,BEAR,NORMAL,26118.5,42.000000000007276,0.0,0.0,1065.38,1065.38,0,PASS,PASS,11,4
