Time,Deal,Symbol,Type,Direction,Volume,Price,Order,Commission,Swap,Profit,Balance,Comment,
2025.01.02 05:30:00,2,NAS100,buy,in,0.01,21 153.8,2,0.00,0.00,0.00,1 000.00,TP_Integrated 3_0,
2025.01.02 16:45:00,3,NAS100,sell,out,0.01,21 040.6,3,0.00,0.00,- 1.13, 998.87,,
2025.01.02 16:45:00,4,NAS100,sell,in,0.01,21 033.6,4,0.00,0.00,0.00, 998.87,TP_Integrated 3_0,
2025.01.02 17:00:00,5,NAS100,buy,out,0.01,21 219.6,5,0.00,0.00,- 1.86, 997.01,,
2025.01.02 17:00:00,6,NAS100,buy,in,0.01,21 223.6,6,0.00,0.00,0.00, 997.01,TP_Integrated 3_0,
2025.01.02 17:30:00,7,NAS100,sell,out,0.01,21 107.6,7,0.00,0.00,- 1.16, 995.85,,
2025.01.02 17:30:00,8,NAS100,sell,in,0.01,21 103.6,8,0.00,0.00,0.00, 995.85,TP_Integrated 3_0,
2025.01.03 05:00:00,9,NAS100,buy,out,0.01,21 066.5,9,0.00, 0.02, 0.37, 996.24,,
2025.01.03 05:00:01,10,NAS100,buy,in,0.01,21 066.0,10,0.00,0.00,0.00, 996.24,TP_Integrated 3_0,
2025.01.03 14:45:00,11,NAS100,sell,out,0.01,21 045.5,11,0.00,0.00,- 0.21, 996.03,,
2025.01.03 14:45:01,12,NAS100,sell,in,0.01,21 045.5,12,0.00,0.00,0.00, 996.03,TP_Integrated 3_0,
2025.01.03 15:00:00,13,NAS100,buy,out,0.01,21 065.2,13,0.00,0.00,- 0.20, 995.83,,
2025.01.03 15:00:00,14,NAS100,buy,in,0.01,21 062.2,14,0.00,0.00,0.00, 995.83,TP_Integrated 3_0,
2025.01.07 06:45:00,15,NAS100,sell,out,0.01,21 555.5,15,0.00,- 0.17, 4.93,1 000.59,,
2025.01.07 06:45:01,16,NAS100,sell,in,0.01,21 555.5,16,0.00,0.00,0.00,1 000.59,TP_Integrated 3_0,
2025.01.07 11:15:00,17,NAS100,buy,out,0.01,21 596.5,17,0.00,0.00,- 0.41,1 000.18,,
2025.01.07 11:15:00,18,NAS100,buy,in,0.01,21 597.3,18,0.00,0.00,0.00,1 000.18,TP_Integrated 3_0,
2025.01.07 17:15:00,19,NAS100,sell,out,0.01,21 408.0,19,0.00,0.00,- 1.89, 998.29,,
2025.01.07 17:15:00,20,NAS100,sell,in,0.01,21 408.8,20,0.00,0.00,0.00, 998.29,TP_Integrated 3_0,
2025.01.09 15:45:00,21,NAS100,buy,out,0.01,21 169.0,21,0.00, 0.04, 2.40,1 000.73,,
2025.01.09 15:45:00,22,NAS100,buy,in,0.01,21 168.7,22,0.00,0.00,0.00,1 000.73,TP_Integrated 3_0,
2025.01.09 16:00:00,23,NAS100,sell,out,0.01,21 142.3,23,0.00,0.00,- 0.26,1 000.47,,
2025.01.09 16:00:00,24,NAS100,sell,in,0.01,21 138.8,24,0.00,0.00,0.00,1 000.47,TP_Integrated 3_0,
2025.01.10 06:30:00,25,NAS100,buy,out,0.01,21 127.8,25,0.00, 0.02, 0.11,1 000.60,,
2025.01.10 06:30:00,26,NAS100,buy,in,0.01,21 127.8,26,0.00,0.00,0.00,1 000.60,TP_Integrated 3_0,
2025.01.10 09:00:00,27,NAS100,sell,out,0.01,21 085.3,27,0.00,0.00,- 0.43,1 000.17,,
2025.01.10 09:00:00,28,NAS100,sell,in,0.01,21 085.0,28,0.00,0.00,0.00,1 000.17,TP_Integrated 3_0,
2025.01.10 10:45:00,29,NAS100,buy,out,0.01,21 132.0,29,0.00,0.00,- 0.47, 999.70,,
2025.01.10 10:45:00,30,NAS100,buy,in,0.01,21 132.0,30,0.00,0.00,0.00, 999.70,TP_Integrated 3_0,
2025.01.10 11:30:00,31,NAS100,sell,out,0.01,21 113.8,31,0.00,0.00,- 0.18, 999.52,,
2025.01.10 11:30:00,32,NAS100,sell,in,0.01,21 113.8,32,0.00,0.00,0.00, 999.52,TP_Integrated 3_0,
2025.01.10 12:45:00,33,NAS100,buy,out,0.01,21 158.5,33,0.00,0.00,- 0.45, 999.07,,
2025.01.10 12:45:00,34,NAS100,buy,in,0.01,21 158.5,34,0.00,0.00,0.00, 999.07,TP_Integrated 3_0,
2025.01.10 15:45:00,35,NAS100,sell,out,0.01,20 963.8,35,0.00,0.00,- 1.95, 997.12,,
2025.01.10 15:45:00,36,NAS100,sell,in,0.01,20 966.8,36,0.00,0.00,0.00, 997.12,TP_Integrated 3_0,
2025.01.13 20:15:00,37,NAS100,buy,out,0.01,20 748.1,37,0.00, 0.05, 2.19, 999.36,,
2025.01.13 20:15:00,38,NAS100,buy,in,0.01,20 748.1,38,0.00,0.00,0.00, 999.36,TP_Integrated 3_0,
2025.01.14 15:15:00,39,NAS100,sell,out,0.01,20 835.1,39,0.00,- 0.04, 0.87,1 000.19,,
2025.01.14 15:15:00,40,NAS100,sell,in,0.01,20 835.1,40,0.00,0.00,0.00,1 000.19,TP_Integrated 3_0,
2025.01.14 16:30:00,41,NAS100,buy,out,0.01,20 928.6,41,0.00,0.00,- 0.94, 999.25,,
2025.01.14 16:30:00,42,NAS100,buy,in,0.01,20 936.8,42,0.00,0.00,0.00, 999.25,TP_Integrated 3_0,
2025.01.14 18:00:00,43,NAS100,sell,out,0.01,20 796.3,43,0.00,0.00,- 1.41, 997.84,,
2025.01.14 18:00:00,44,NAS100,sell,in,0.01,20 795.6,44,0.00,0.00,0.00, 997.84,TP_Integrated 3_0,
2025.01.15 09:30:01,45,NAS100,buy,out,0.01,20 812.4,45,0.00, 0.02,- 0.17, 997.69,,
2025.01.15 09:30:01,46,NAS100,buy,in,0.01,20 815.2,46,0.00,0.00,0.00, 997.69,TP_Integrated 3_0,
2025.01.15 09:45:00,47,NAS100,sell,out,0.01,20 790.4,47,0.00,0.00,- 0.25, 997.44,,
2025.01.15 09:45:00,48,NAS100,sell,in,0.01,20 790.4,48,0.00,0.00,0.00, 997.44,TP_Integrated 3_0,
2025.01.15 12:00:00,49,NAS100,buy,out,0.01,20 819.4,49,0.00,0.00,- 0.29, 997.15,,
2025.01.15 12:00:00,50,NAS100,buy,in,0.01,20 819.2,50,0.00,0.00,0.00, 997.15,TP_Integrated 3_0,
2025.01.16 17:15:00,51,NAS100,sell,out,0.01,21 217.3,51,0.00,- 0.04, 3.98,1 001.09,,
2025.01.16 17:15:01,52,NAS100,sell,in,0.01,21 218.0,52,0.00,0.00,0.00,1 001.09,TP_Integrated 3_0,
2025.01.17 11:15:00,53,NAS100,buy,out,0.01,21 199.8,53,0.00, 0.02, 0.18,1 001.29,,
2025.01.17 11:15:00,54,NAS100,buy,in,0.01,21 200.3,54,0.00,0.00,0.00,1 001.29,TP_Integrated 3_0,
2025.01.21 03:15:00,55,NAS100,sell,out,0.01,21 425.0,55,0.00,- 0.17, 2.25,1 003.37,,
2025.01.21 03:15:01,56,NAS100,sell,in,0.01,21 425.0,56,0.00,0.00,0.00,1 003.37,TP_Integrated 3_0,
2025.01.21 10:45:00,57,NAS100,buy,out,0.01,21 522.5,57,0.00,0.00,- 0.98,1 002.39,,
2025.01.21 10:45:01,58,NAS100,buy,in,0.01,21 522.5,58,0.00,0.00,0.00,1 002.39,TP_Integrated 3_0,
2025.01.21 17:15:00,59,NAS100,sell,out,0.01,21 407.5,59,0.00,0.00,- 1.15,1 001.24,,
2025.01.21 17:15:00,60,NAS100,sell,in,0.01,21 407.5,60,0.00,0.00,0.00,1 001.24,TP_Integrated 3_0,
2025.01.21 19:30:00,61,NAS100,buy,out,0.01,21 564.7,61,0.00,0.00,- 1.57, 999.67,,
2025.01.21 19:30:00,62,NAS100,buy,in,0.01,21 565.7,62,0.00,0.00,0.00, 999.67,TP_Integrated 3_0,
2025.01.23 02:45:00,63,NAS100,sell,out,0.01,21 822.7,63,0.00,- 0.08, 2.57,1 002.16,,
2025.01.23 02:45:00,64,NAS100,sell,in,0.01,21 822.2,64,0.00,0.00,0.00,1 002.16,TP_Integrated 3_0,
2025.01.23 18:30:00,65,NAS100,buy,out,0.01,21 823.0,65,0.00,0.00,- 0.01,1 002.15,,
2025.01.23 18:30:01,66,NAS100,buy,in,0.01,21 822.2,66,0.00,0.00,0.00,1 002.15,TP_Integrated 3_0,
2025.01.24 19:15:00,67,NAS100,sell,out,0.01,21 864.3,67,0.00,- 0.04, 0.42,1 002.53,,
2025.01.24 19:15:01,68,NAS100,sell,in,0.01,21 864.3,68,0.00,0.00,0.00,1 002.53,TP_Integrated 3_0,
2025.01.27 23:45:00,69,NAS100,buy,out,0.01,21 193.4,69,0.00, 0.05, 6.71,1 009.29,,
2025.01.27 23:45:00,70,NAS100,buy,in,0.01,21 193.4,70,0.00,0.00,0.00,1 009.29,TP_Integrated 3_0,
2025.01.28 16:00:00,71,NAS100,sell,out,0.01,21 191.4,71,0.00,- 0.04,- 0.02,1 009.23,,
2025.01.28 16:00:00,72,NAS100,sell,in,0.01,21 189.9,72,0.00,0.00,0.00,1 009.23,TP_Integrated 3_0,
2025.01.28 17:30:00,73,NAS100,buy,out,0.01,21 358.6,73,0.00,0.00,- 1.69,1 007.54,,
2025.01.28 17:30:00,74,NAS100,buy,in,0.01,21 359.4,74,0.00,0.00,0.00,1 007.54,TP_Integrated 3_0,
2025.01.29 16:30:00,75,NAS100,sell,out,0.01,21 490.0,75,0.00,- 0.04, 1.31,1 008.81,,
2025.01.29 16:30:00,76,NAS100,sell,in,0.01,21 487.5,76,0.00,0.00,0.00,1 008.81,TP_Integrated 3_0,
2025.01.30 02:30:00,77,NAS100,buy,out,0.01,21 471.6,77,0.00, 0.02, 0.16,1 008.99,,
2025.01.30 02:30:00,78,NAS100,buy,in,0.01,21 471.6,78,0.00,0.00,0.00,1 008.99,TP_Integrated 3_0,
2025.01.30 14:30:00,79,NAS100,sell,out,0.01,21 480.9,79,0.00,0.00, 0.09,1 009.08,,
2025.01.30 14:30:00,80,NAS100,sell,in,0.01,21 481.9,80,0.00,0.00,0.00,1 009.08,TP_Integrated 3_0,
2025.01.30 16:00:00,81,NAS100,buy,out,0.01,21 563.4,81,0.00,0.00,- 0.82,1 008.26,,
2025.01.30 16:00:00,82,NAS100,buy,in,0.01,21 563.2,82,0.00,0.00,0.00,1 008.26,TP_Integrated 3_0,
2025.01.30 17:30:00,83,NAS100,sell,out,0.01,21 430.1,83,0.00,0.00,- 1.33,1 006.93,,
2025.01.30 17:30:00,84,NAS100,sell,in,0.01,21 427.3,84,0.00,0.00,0.00,1 006.93,TP_Integrated 3_0,
2025.01.30 22:00:00,85,NAS100,buy,out,0.01,21 557.1,85,0.00,0.00,- 1.30,1 005.63,,
2025.01.30 22:00:00,86,NAS100,buy,in,0.01,21 556.6,86,0.00,0.00,0.00,1 005.63,TP_Integrated 3_0,
2025.01.31 21:30:00,87,NAS100,sell,out,0.01,21 611.0,87,0.00,- 0.04, 0.54,1 006.13,,
2025.01.31 21:30:00,88,NAS100,sell,in,0.01,21 611.0,88,0.00,0.00,0.00,1 006.13,TP_Integrated 3_0,
2025.02.03 14:00:00,89,NAS100,buy,out,0.01,21 130.8,89,0.00, 0.05, 4.80,1 010.98,,
2025.02.03 14:00:01,90,NAS100,buy,in,0.01,21 130.5,90,0.00,0.00,0.00,1 010.98,TP_Integrated 3_0,
2025.02.03 14:15:00,91,NAS100,sell,out,0.01,21 111.3,91,0.00,0.00,- 0.19,1 010.79,,
2025.02.03 14:15:00,92,NAS100,sell,in,0.01,21 111.5,92,0.00,0.00,0.00,1 010.79,TP_Integrated 3_0,
2025.02.03 16:45:00,93,NAS100,buy,out,0.01,21 165.3,93,0.00,0.00,- 0.54,1 010.25,,
2025.02.03 16:45:00,94,NAS100,buy,in,0.01,21 171.9,94,0.00,0.00,0.00,1 010.25,TP_Integrated 3_0,
2025.02.03 17:15:00,95,NAS100,sell,out,0.01,21 035.5,95,0.00,0.00,- 1.36,1 008.89,,
2025.02.03 17:15:00,96,NAS100,sell,in,0.01,21 034.3,96,0.00,0.00,0.00,1 008.89,TP_Integrated 3_0,
2025.02.03 17:30:00,97,NAS100,buy,out,0.01,21 256.2,97,0.00,0.00,- 2.22,1 006.67,,
2025.02.03 17:30:00,98,NAS100,buy,in,0.01,21 256.2,98,0.00,0.00,0.00,1 006.67,TP_Integrated 3_0,
2025.02.04 07:15:00,99,NAS100,sell,out,0.01,21 211.9,99,0.00,- 0.04,- 0.44,1 006.19,,
2025.02.04 07:15:00,100,NAS100,sell,in,0.01,21 207.9,100,0.00,0.00,0.00,1 006.19,TP_Integrated 3_0,
2025.02.04 14:30:00,101,NAS100,buy,out,0.01,21 358.7,101,0.00,0.00,- 1.51,1 004.68,,
2025.02.04 14:30:01,102,NAS100,buy,in,0.01,21 362.7,102,0.00,0.00,0.00,1 004.68,TP_Integrated 3_0,
2025.02.05 06:00:00,103,NAS100,sell,out,0.01,21 451.8,103,0.00,- 0.04, 0.89,1 005.53,,
2025.02.05 06:00:00,104,NAS100,sell,in,0.01,21 453.6,104,0.00,0.00,0.00,1 005.53,TP_Integrated 3_0,
2025.02.05 16:30:00,105,NAS100,buy,out,0.01,21 463.3,105,0.00,0.00,- 0.10,1 005.43,,
2025.02.05 16:30:00,106,NAS100,buy,in,0.01,21 461.8,106,0.00,0.00,0.00,1 005.43,TP_Integrated 3_0,
2025.02.06 14:00:00,107,NAS100,sell,out,0.01,21 638.5,107,0.00,- 0.04, 1.77,1 007.16,,
2025.02.06 14:00:01,108,NAS100,sell,in,0.01,21 638.0,108,0.00,0.00,0.00,1 007.16,TP_Integrated 3_0,
2025.02.06 16:45:00,109,NAS100,buy,out,0.01,21 703.0,109,0.00,0.00,- 0.65,1 006.51,,
2025.02.06 16:45:00,110,NAS100,buy,in,0.01,21 703.5,110,0.00,0.00,0.00,1 006.51,TP_Integrated 3_0,
2025.02.07 17:30:00,111,NAS100,sell,out,0.01,21 659.4,111,0.00,- 0.04,- 0.44,1 006.03,,
2025.02.07 17:30:00,112,NAS100,sell,in,0.01,21 659.4,112,0.00,0.00,0.00,1 006.03,TP_Integrated 3_0,
2025.02.10 06:30:00,113,NAS100,buy,out,0.01,21 618.8,113,0.00, 0.05, 0.41,1 006.49,,
2025.02.10 06:30:00,114,NAS100,buy,in,0.01,21 620.1,114,0.00,0.00,0.00,1 006.49,TP_Integrated 3_0,
2025.02.11 03:30:00,115,NAS100,sell,out,0.01,21 712.2,115,0.00,- 0.04, 0.92,1 007.37,,
2025.02.11 03:30:00,116,NAS100,sell,in,0.01,21 711.9,116,0.00,0.00,0.00,1 007.37,TP_Integrated 3_0,
2025.02.11 17:30:00,117,NAS100,buy,out,0.01,21 759.2,117,0.00,0.00,- 0.47,1 006.90,,
2025.02.11 17:30:00,118,NAS100,buy,in,0.01,21 759.7,118,0.00,0.00,0.00,1 006.90,TP_Integrated 3_0,
2025.02.12 06:45:02,119,NAS100,sell,out,0.01,21 703.0,119,0.00,- 0.04,- 0.57,1 006.29,,
2025.02.12 06:45:02,120,NAS100,sell,in,0.01,21 703.0,120,0.00,0.00,0.00,1 006.29,TP_Integrated 3_0,
2025.02.12 10:45:00,121,NAS100,buy,out,0.01,21 728.5,121,0.00,0.00,- 0.26,1 006.03,,
2025.02.12 10:45:00,122,NAS100,buy,in,0.01,21 728.5,122,0.00,0.00,0.00,1 006.03,TP_Integrated 3_0,
2025.02.12 11:15:00,123,NAS100,sell,out,0.01,21 686.2,123,0.00,0.00,- 0.42,1 005.61,,
2025.02.12 11:15:00,124,NAS100,sell,in,0.01,21 685.0,124,0.00,0.00,0.00,1 005.61,TP_Integrated 3_0,
2025.02.12 14:30:00,125,NAS100,buy,out,0.01,21 731.0,125,0.00,0.00,- 0.46,1 005.15,,
2025.02.12 14:30:00,126,NAS100,buy,in,0.01,21 731.0,126,0.00,0.00,0.00,1 005.15,TP_Integrated 3_0,
2025.02.12 15:45:00,127,NAS100,sell,out,0.01,21 473.2,127,0.00,0.00,- 2.58,1 002.57,,
2025.02.12 15:45:00,128,NAS100,sell,in,0.01,21 469.0,128,0.00,0.00,0.00,1 002.57,TP_Integrated 3_0,
2025.02.12 20:00:00,129,NAS100,buy,out,0.01,21 742.0,129,0.00,0.00,- 2.73, 999.84,,
2025.02.12 20:00:00,130,NAS100,buy,in,0.01,21 741.5,130,0.00,0.00,0.00, 999.84,TP_Integrated 3_0,
2025.02.13 10:30:00,131,NAS100,sell,out,0.01,21 716.2,131,0.00,- 0.04,- 0.25, 999.55,,
2025.02.13 10:30:00,132,NAS100,sell,in,0.01,21 715.2,132,0.00,0.00,0.00, 999.55,TP_Integrated 3_0,
2025.02.13 16:15:00,133,NAS100,buy,out,0.01,21 796.7,133,0.00,0.00,- 0.82, 998.73,,
2025.02.13 16:15:01,134,NAS100,buy,in,0.01,21 797.0,134,0.00,0.00,0.00, 998.73,TP_Integrated 3_0,
2025.02.14 13:45:00,135,NAS100,sell,out,0.01,21 988.9,135,0.00,- 0.04, 1.92,1 000.61,,
2025.02.14 13:45:01,136,NAS100,sell,in,0.01,21 987.9,136,0.00,0.00,0.00,1 000.61,TP_Integrated 3_0,
2025.02.14 17:00:00,137,NAS100,buy,out,0.01,22 054.4,137,0.00,0.00,- 0.67, 999.94,,
2025.02.14 17:00:01,138,NAS100,buy,in,0.01,22 054.4,138,0.00,0.00,0.00, 999.94,TP_Integrated 3_0,
2025.02.17 17:00:00,139,NAS100,sell,out,0.01,22 146.9,139,0.00,- 0.13, 0.93,1 000.74,,
2025.02.17 17:00:00,140,NAS100,sell,in,0.01,22 147.2,140,0.00,0.00,0.00,1 000.74,TP_Integrated 3_0,
2025.02.18 04:00:00,141,NAS100,buy,out,0.01,22 181.8,141,0.00, 0.02,- 0.35,1 000.41,,
2025.02.18 04:00:00,142,NAS100,buy,in,0.01,22 181.8,142,0.00,0.00,0.00,1 000.41,TP_Integrated 3_0,
2025.02.18 17:00:00,143,NAS100,sell,out,0.01,22 140.7,143,0.00,0.00,- 0.41,1 000.00,,
2025.02.18 17:00:00,144,NAS100,sell,in,0.01,22 141.5,144,0.00,0.00,0.00,1 000.00,TP_Integrated 3_0,
2025.02.19 01:30:00,145,NAS100,buy,out,0.01,22 175.7,145,0.00, 0.02,- 0.34, 999.68,,
2025.02.19 01:30:00,146,NAS100,buy,in,0.01,22 176.1,146,0.00,0.00,0.00, 999.68,TP_Integrated 3_0,
2025.02.19 12:30:00,147,NAS100,sell,out,0.01,22 153.4,147,0.00,0.00,- 0.23, 999.45,,
2025.02.19 12:30:00,148,NAS100,sell,in,0.01,22 153.6,148,0.00,0.00,0.00, 999.45,TP_Integrated 3_0,
2025.02.19 20:30:00,149,NAS100,buy,out,0.01,22 186.4,149,0.00,0.00,- 0.33, 999.12,,
2025.02.19 20:30:00,150,NAS100,buy,in,0.01,22 188.4,150,0.00,0.00,0.00, 999.12,TP_Integrated 3_0,
2025.02.20 01:30:00,151,NAS100,sell,out,0.01,22 160.5,151,0.00,- 0.04,- 0.28, 998.80,,
2025.02.20 01:30:00,152,NAS100,sell,in,0.01,22 160.5,152,0.00,0.00,0.00, 998.80,TP_Integrated 3_0,
2025.02.20 12:30:00,153,NAS100,buy,out,0.01,22 152.5,153,0.00,0.00, 0.08, 998.88,,
2025.02.20 12:30:00,154,NAS100,buy,in,0.01,22 152.3,154,0.00,0.00,0.00, 998.88,TP_Integrated 3_0,
2025.02.20 17:00:00,155,NAS100,sell,out,0.01,21 948.4,155,0.00,0.00,- 2.04, 996.84,,
2025.02.20 17:00:00,156,NAS100,sell,in,0.01,21 945.7,156,0.00,0.00,0.00, 996.84,TP_Integrated 3_0,
2025.02.21 01:15:00,157,NAS100,buy,out,0.01,22 094.9,157,0.00, 0.02,- 1.49, 995.37,,
2025.02.21 01:15:00,158,NAS100,buy,in,0.01,22 094.9,158,0.00,0.00,0.00, 995.37,TP_Integrated 3_0,
2025.02.21 07:15:00,159,NAS100,sell,out,0.01,22 060.2,159,0.00,0.00,- 0.35, 995.02,,
2025.02.21 07:15:01,160,NAS100,sell,in,0.01,22 060.2,160,0.00,0.00,0.00, 995.02,TP_Integrated 3_0,
2025.02.21 08:45:00,161,NAS100,buy,out,0.01,22 092.9,161,0.00,0.00,- 0.33, 994.69,,
2025.02.21 08:45:01,162,NAS100,buy,in,0.01,22 092.9,162,0.00,0.00,0.00, 994.69,TP_Integrated 3_0,
2025.02.21 17:15:00,163,NAS100,sell,out,0.01,22 019.2,163,0.00,0.00,- 0.74, 993.95,,
2025.02.21 17:15:00,164,NAS100,sell,in,0.01,22 016.9,164,0.00,0.00,0.00, 993.95,TP_Integrated 3_0,
2025.02.26 05:45:01,165,NAS100,buy,out,0.01,21 203.2,165,0.00, 0.09, 8.14,1 002.18,,
2025.02.26 05:45:01,166,NAS100,buy,in,0.01,21 203.2,166,0.00,0.00,0.00,1 002.18,TP_Integrated 3_0,
2025.02.26 16:30:00,167,NAS100,sell,out,0.01,21 189.4,167,0.00,0.00,- 0.14,1 002.04,,
2025.02.26 16:30:00,168,NAS100,sell,in,0.01,21 185.4,168,0.00,0.00,0.00,1 002.04,TP_Integrated 3_0,
2025.02.26 17:15:00,169,NAS100,buy,out,0.01,21 280.9,169,0.00,0.00,- 0.96,1 001.08,,
2025.02.26 17:15:00,170,NAS100,buy,in,0.01,21 281.2,170,0.00,0.00,0.00,1 001.08,TP_Integrated 3_0,
2025.02.26 20:30:00,171,NAS100,sell,out,0.01,21 128.2,171,0.00,0.00,- 1.53, 999.55,,
2025.02.26 20:30:00,172,NAS100,sell,in,0.01,21 124.2,172,0.00,0.00,0.00, 999.55,TP_Integrated 3_0,
2025.02.27 08:00:00,173,NAS100,buy,out,0.01,21 203.8,173,0.00, 0.02,- 0.80, 998.77,,
2025.02.27 08:00:00,174,NAS100,buy,in,0.01,21 203.8,174,0.00,0.00,0.00, 998.77,TP_Integrated 3_0,
2025.02.27 17:00:00,175,NAS100,sell,out,0.01,20 962.1,175,0.00,0.00,- 2.42, 996.35,,
2025.02.27 17:00:00,176,NAS100,sell,in,0.01,20 961.6,176,0.00,0.00,0.00, 996.35,TP_Integrated 3_0,
2025.02.28 18:00:00,177,NAS100,buy,out,0.01,20 718.1,177,0.00, 0.02, 2.44, 998.81,,
2025.02.28 18:00:01,178,NAS100,buy,in,0.01,20 719.6,178,0.00,0.00,0.00, 998.81,TP_Integrated 3_0,
2025.02.28 20:00:00,179,NAS100,sell,out,0.01,20 493.8,179,0.00,0.00,- 2.26, 996.55,,
2025.02.28 20:00:01,180,NAS100,sell,in,0.01,20 485.8,180,0.00,0.00,0.00, 996.55,TP_Integrated 3_0,
2025.02.28 22:15:00,181,NAS100,buy,out,0.01,20 698.4,181,0.00,0.00,- 2.13, 994.42,,
2025.02.28 22:15:00,182,NAS100,buy,in,0.01,20 695.4,182,0.00,0.00,0.00, 994.42,TP_Integrated 3_0,
2025.03.03 18:00:00,183,NAS100,sell,out,0.01,20 830.2,183,0.00,- 0.13, 1.35, 995.64,,
2025.03.03 18:00:00,184,NAS100,sell,in,0.01,20 837.9,184,0.00,0.00,0.00, 995.64,TP_Integrated 3_0,
2025.03.04 21:15:00,185,NAS100,buy,out,0.01,20 532.4,185,0.00, 0.02, 3.06, 998.72,,
2025.03.04 21:15:00,186,NAS100,buy,in,0.01,20 531.7,186,0.00,0.00,0.00, 998.72,TP_Integrated 3_0,
2025.03.05 14:30:00,187,NAS100,sell,out,0.01,20 470.9,187,0.00,- 0.04,- 0.61, 998.07,,
2025.03.05 14:30:00,188,NAS100,sell,in,0.01,20 470.9,188,0.00,0.00,0.00, 998.07,TP_Integrated 3_0,
2025.03.05 21:00:00,189,NAS100,buy,out,0.01,20 568.2,189,0.00,0.00,- 0.97, 997.10,,
2025.03.05 21:00:00,190,NAS100,buy,in,0.01,20 566.2,190,0.00,0.00,0.00, 997.10,TP_Integrated 3_0,
2025.03.06 10:15:00,191,NAS100,sell,out,0.01,20 480.2,191,0.00,- 0.04,- 0.86, 996.20,,
2025.03.06 10:15:00,192,NAS100,sell,in,0.01,20 480.7,192,0.00,0.00,0.00, 996.20,TP_Integrated 3_0,
2025.03.07 21:30:00,193,NAS100,buy,out,0.01,20 229.9,193,0.00, 0.02, 2.51, 998.73,,
2025.03.07 21:30:00,194,NAS100,buy,in,0.01,20 232.4,194,0.00,0.00,0.00, 998.73,TP_Integrated 3_0,
2025.03.10 01:15:00,195,NAS100,sell,out,0.01,20 006.6,195,0.00,- 0.13,- 2.26, 996.34,,
2025.03.10 01:15:00,196,NAS100,sell,in,0.01,20 006.9,196,0.00,0.00,0.00, 996.34,TP_Integrated 3_0,
2025.03.10 04:30:00,197,NAS100,buy,out,0.01,20 105.4,197,0.00,0.00,- 0.99, 995.35,,
2025.03.10 04:30:00,198,NAS100,buy,in,0.01,20 105.4,198,0.00,0.00,0.00, 995.35,TP_Integrated 3_0,
2025.03.10 10:15:00,199,NAS100,sell,out,0.01,20 027.3,199,0.00,0.00,- 0.78, 994.57,,
2025.03.10 10:15:00,200,NAS100,sell,in,0.01,20 025.3,200,0.00,0.00,0.00, 994.57,TP_Integrated 3_0,
2025.03.11 08:45:00,201,NAS100,buy,out,0.01,19 489.8,201,0.00, 0.02, 5.36, 999.95,,
2025.03.11 08:45:00,202,NAS100,buy,in,0.01,19 489.8,202,0.00,0.00,0.00, 999.95,TP_Integrated 3_0,
2025.03.11 09:45:00,203,NAS100,sell,out,0.01,19 414.3,203,0.00,0.00,- 0.76, 999.19,,
2025.03.11 09:45:01,204,NAS100,sell,in,0.01,19 413.8,204,0.00,0.00,0.00, 999.19,TP_Integrated 3_0,
2025.03.11 10:15:00,205,NAS100,buy,out,0.01,19 543.8,205,0.00,0.00,- 1.30, 997.89,,
2025.03.11 10:15:01,206,NAS100,buy,in,0.01,19 542.3,206,0.00,0.00,0.00, 997.89,TP_Integrated 3_0,
2025.03.11 15:15:00,207,NAS100,sell,out,0.01,19 447.7,207,0.00,0.00,- 0.95, 996.94,,
2025.03.11 15:15:00,208,NAS100,sell,in,0.01,19 447.7,208,0.00,0.00,0.00, 996.94,TP_Integrated 3_0,
2025.03.11 21:00:00,209,NAS100,buy,out,0.01,19 634.4,209,0.00,0.00,- 1.87, 995.07,,
2025.03.11 21:00:00,210,NAS100,buy,in,0.01,19 630.4,210,0.00,0.00,0.00, 995.07,TP_Integrated 3_0,
2025.03.11 22:45:00,211,NAS100,sell,out,0.01,19 394.4,211,0.00,0.00,- 2.36, 992.71,,
2025.03.11 22:45:00,212,NAS100,sell,in,0.01,19 394.4,212,0.00,0.00,0.00, 992.71,TP_Integrated 3_0,
2025.03.12 02:00:00,213,NAS100,buy,out,0.01,19 473.4,213,0.00, 0.02,- 0.79, 991.94,,
2025.03.12 02:00:00,214,NAS100,buy,in,0.01,19 473.6,214,0.00,0.00,0.00, 991.94,TP_Integrated 3_0,
2025.03.12 07:30:00,215,NAS100,sell,out,0.01,19 446.4,215,0.00,0.00,- 0.27, 991.67,,
2025.03.12 07:30:00,216,NAS100,sell,in,0.01,19 448.6,216,0.00,0.00,0.00, 991.67,TP_Integrated 3_0,
2025.03.12 07:45:00,217,NAS100,buy,out,0.01,19 467.4,217,0.00,0.00,- 0.19, 991.48,,
2025.03.12 07:45:00,218,NAS100,buy,in,0.01,19 466.9,218,0.00,0.00,0.00, 991.48,TP_Integrated 3_0,
2025.03.12 09:00:00,219,NAS100,sell,out,0.01,19 405.2,219,0.00,0.00,- 0.62, 990.86,,
2025.03.12 09:00:00,220,NAS100,sell,in,0.01,19 407.7,220,0.00,0.00,0.00, 990.86,TP_Integrated 3_0,
2025.03.12 10:45:00,221,NAS100,buy,out,0.01,19 511.2,221,0.00,0.00,- 1.04, 989.82,,
2025.03.12 10:45:00,222,NAS100,buy,in,0.01,19 510.0,222,0.00,0.00,0.00, 989.82,TP_Integrated 3_0,
2025.03.13 05:30:00,223,NAS100,sell,out,0.01,19 555.6,223,0.00,- 0.04, 0.46, 990.24,,
2025.03.13 05:30:00,224,NAS100,sell,in,0.01,19 556.1,224,0.00,0.00,0.00, 990.24,TP_Integrated 3_0,
2025.03.13 12:15:00,225,NAS100,buy,out,0.01,19 608.1,225,0.00,0.00,- 0.52, 989.72,,
2025.03.13 12:15:00,226,NAS100,buy,in,0.01,19 608.1,226,0.00,0.00,0.00, 989.72,TP_Integrated 3_0,
2025.03.13 14:15:00,227,NAS100,sell,out,0.01,19 473.7,227,0.00,0.00,- 1.34, 988.38,,
2025.03.13 14:15:00,228,NAS100,sell,in,0.01,19 473.2,228,0.00,0.00,0.00, 988.38,TP_Integrated 3_0,
2025.03.13 15:30:00,229,NAS100,buy,out,0.01,19 568.4,229,0.00,0.00,- 0.95, 987.43,,
2025.03.13 15:30:00,230,NAS100,buy,in,0.01,19 560.4,230,0.00,0.00,0.00, 987.43,TP_Integrated 3_0,
2025.03.13 15:45:00,231,NAS100,sell,out,0.01,19 463.9,231,0.00,0.00,- 0.97, 986.46,,
2025.03.13 15:45:00,232,NAS100,sell,in,0.01,19 467.9,232,0.00,0.00,0.00, 986.46,TP_Integrated 3_0,
2025.03.14 03:15:00,233,NAS100,buy,out,0.01,19 404.1,233,0.00, 0.02, 0.64, 987.12,,
2025.03.14 03:15:00,234,NAS100,buy,in,0.01,19 404.4,234,0.00,0.00,0.00, 987.12,TP_Integrated 3_0,
2025.03.17 08:45:00,235,NAS100,sell,out,0.01,19 580.1,235,0.00,- 0.13, 1.76, 988.75,,
2025.03.17 08:45:00,236,NAS100,sell,in,0.01,19 581.1,236,0.00,0.00,0.00, 988.75,TP_Integrated 3_0,
2025.03.17 10:30:00,237,NAS100,buy,out,0.01,19 623.9,237,0.00,0.00,- 0.43, 988.32,,
2025.03.17 10:30:01,238,NAS100,buy,in,0.01,19 622.6,238,0.00,0.00,0.00, 988.32,TP_Integrated 3_0,
2025.03.18 04:45:00,239,NAS100,sell,out,0.01,19 772.6,239,0.00,- 0.04, 1.50, 989.78,,
2025.03.18 04:45:00,240,NAS100,sell,in,0.01,19 772.6,240,0.00,0.00,0.00, 989.78,TP_Integrated 3_0,
2025.03.18 10:15:00,241,NAS100,buy,out,0.01,19 806.1,241,0.00,0.00,- 0.34, 989.44,,
2025.03.18 10:15:00,242,NAS100,buy,in,0.01,19 806.1,242,0.00,0.00,0.00, 989.44,TP_Integrated 3_0,
2025.03.18 13:30:00,243,NAS100,sell,out,0.01,19 756.6,243,0.00,0.00,- 0.50, 988.94,,
2025.03.18 13:30:00,244,NAS100,sell,in,0.01,19 757.6,244,0.00,0.00,0.00, 988.94,TP_Integrated 3_0,
2025.03.19 12:30:00,245,NAS100,buy,out,0.01,19 573.5,245,0.00, 0.02, 1.84, 990.80,,
2025.03.19 12:30:00,246,NAS100,buy,in,0.01,19 573.0,246,0.00,0.00,0.00, 990.80,TP_Integrated 3_0,
2025.03.20 12:00:00,247,NAS100,sell,out,0.01,19 756.9,247,0.00,- 0.04, 1.84, 992.60,,
2025.03.20 12:00:00,248,NAS100,sell,in,0.01,19 758.4,248,0.00,0.00,0.00, 992.60,TP_Integrated 3_0,
2025.03.20 16:45:00,249,NAS100,buy,out,0.01,19 894.7,249,0.00,0.00,- 1.36, 991.24,,
2025.03.20 16:45:00,250,NAS100,buy,in,0.01,19 894.7,250,0.00,0.00,0.00, 991.24,TP_Integrated 3_0,
2025.03.20 18:45:00,251,NAS100,sell,out,0.01,19 679.2,251,0.00,0.00,- 2.16, 989.08,,
2025.03.20 18:45:01,252,NAS100,sell,in,0.01,19 679.2,252,0.00,0.00,0.00, 989.08,TP_Integrated 3_0,
2025.03.21 03:45:00,253,NAS100,buy,out,0.01,19 735.9,253,0.00, 0.02,- 0.57, 988.53,,
2025.03.21 03:45:01,254,NAS100,buy,in,0.01,19 735.6,254,0.00,0.00,0.00, 988.53,TP_Integrated 3_0,
2025.03.21 05:15:00,255,NAS100,sell,out,0.01,19 689.4,255,0.00,0.00,- 0.46, 988.07,,
2025.03.21 05:15:00,256,NAS100,sell,in,0.01,19 689.4,256,0.00,0.00,0.00, 988.07,TP_Integrated 3_0,
2025.03.21 19:15:00,257,NAS100,buy,out,0.01,19 657.6,257,0.00,0.00, 0.32, 988.39,,
2025.03.21 19:15:00,258,NAS100,buy,in,0.01,19 656.4,258,0.00,0.00,0.00, 988.39,TP_Integrated 3_0,
2025.03.25 10:45:00,259,NAS100,sell,out,0.01,20 123.2,259,0.00,- 0.17, 4.67, 992.89,,
2025.03.25 10:45:01,260,NAS100,sell,in,0.01,20 122.7,260,0.00,0.00,0.00, 992.89,TP_Integrated 3_0,
2025.03.25 12:30:00,261,NAS100,buy,out,0.01,20 173.1,261,0.00,0.00,- 0.50, 992.39,,
2025.03.25 12:30:00,262,NAS100,buy,in,0.01,20 173.1,262,0.00,0.00,0.00, 992.39,TP_Integrated 3_0,
2025.03.26 08:30:00,263,NAS100,sell,out,0.01,20 271.4,263,0.00,- 0.04, 0.98, 993.33,,
2025.03.26 08:30:00,264,NAS100,sell,in,0.01,20 271.2,264,0.00,0.00,0.00, 993.33,TP_Integrated 3_0,
2025.03.26 09:30:00,265,NAS100,buy,out,0.01,20 309.4,265,0.00,0.00,- 0.38, 992.95,,
2025.03.26 09:30:01,266,NAS100,buy,in,0.01,20 309.4,266,0.00,0.00,0.00, 992.95,TP_Integrated 3_0,
2025.03.26 10:30:00,267,NAS100,sell,out,0.01,20 280.2,267,0.00,0.00,- 0.29, 992.66,,
2025.03.26 10:30:00,268,NAS100,sell,in,0.01,20 280.4,268,0.00,0.00,0.00, 992.66,TP_Integrated 3_0,
2025.03.26 14:00:00,269,NAS100,buy,out,0.01,20 302.4,269,0.00,0.00,- 0.22, 992.44,,
2025.03.26 14:00:00,270,NAS100,buy,in,0.01,20 304.2,270,0.00,0.00,0.00, 992.44,TP_Integrated 3_0,
2025.03.26 14:45:01,271,NAS100,sell,out,0.01,20 283.4,271,0.00,0.00,- 0.21, 992.23,,
2025.03.26 14:45:01,272,NAS100,sell,in,0.01,20 282.9,272,0.00,0.00,0.00, 992.23,TP_Integrated 3_0,
2025.03.26 15:00:00,273,NAS100,buy,out,0.01,20 299.7,273,0.00,0.00,- 0.17, 992.06,,
2025.03.26 15:00:00,274,NAS100,buy,in,0.01,20 297.9,274,0.00,0.00,0.00, 992.06,TP_Integrated 3_0,
2025.03.26 15:30:00,275,NAS100,sell,out,0.01,20 258.4,275,0.00,0.00,- 0.40, 991.66,,
2025.03.26 15:30:00,276,NAS100,sell,in,0.01,20 266.4,276,0.00,0.00,0.00, 991.66,TP_Integrated 3_0,
2025.03.27 17:00:00,277,NAS100,buy,out,0.01,20 012.4,277,0.00, 0.02, 2.54, 994.22,,
2025.03.27 17:00:00,278,NAS100,buy,in,0.01,20 013.9,278,0.00,0.00,0.00, 994.22,TP_Integrated 3_0,
2025.03.27 18:00:00,279,NAS100,sell,out,0.01,19 866.9,279,0.00,0.00,- 1.47, 992.75,,
2025.03.27 18:00:01,280,NAS100,sell,in,0.01,19 867.4,280,0.00,0.00,0.00, 992.75,TP_Integrated 3_0,
2025.03.31 20:15:00,281,NAS100,buy,out,0.01,19 128.8,281,0.00, 0.07, 7.39,1 000.21,,
2025.03.31 20:15:00,282,NAS100,buy,in,0.01,19 126.3,282,0.00,0.00,0.00,1 000.21,TP_Integrated 3_0,
2025.04.01 15:30:00,283,NAS100,sell,out,0.01,19 193.7,283,0.00,- 0.04, 0.67,1 000.84,,
2025.04.01 15:30:00,284,NAS100,sell,in,0.01,19 193.7,284,0.00,0.00,0.00,1 000.84,TP_Integrated 3_0,
2025.04.01 16:45:00,285,NAS100,buy,out,0.01,19 233.7,285,0.00,0.00,- 0.40,1 000.44,,
2025.04.01 16:45:00,286,NAS100,buy,in,0.01,19 235.4,286,0.00,0.00,0.00,1 000.44,TP_Integrated 3_0,
2025.04.01 17:15:00,287,NAS100,sell,out,0.01,19 133.2,287,0.00,0.00,- 1.02, 999.42,,
2025.04.01 17:15:00,288,NAS100,sell,in,0.01,19 133.2,288,0.00,0.00,0.00, 999.42,TP_Integrated 3_0,
2025.04.01 18:00:00,289,NAS100,buy,out,0.01,19 349.7,289,0.00,0.00,- 2.17, 997.25,,
2025.04.01 18:00:00,290,NAS100,buy,in,0.01,19 350.4,290,0.00,0.00,0.00, 997.25,TP_Integrated 3_0,
2025.04.02 10:45:00,291,NAS100,sell,out,0.01,19 356.0,291,0.00,- 0.04, 0.06, 997.27,,
2025.04.02 10:45:00,292,NAS100,sell,in,0.01,19 356.0,292,0.00,0.00,0.00, 997.27,TP_Integrated 3_0,
2025.04.02 18:00:00,293,NAS100,buy,out,0.01,19 470.5,293,0.00,0.00,- 1.15, 996.12,,
2025.04.02 18:00:00,294,NAS100,buy,in,0.01,19 466.5,294,0.00,0.00,0.00, 996.12,TP_Integrated 3_0,
2025.04.02 23:45:00,295,NAS100,sell,out,0.01,18 986.8,295,0.00,0.00,- 4.80, 991.32,,
2025.04.02 23:45:00,296,NAS100,sell,in,0.01,18 986.4,296,0.00,0.00,0.00, 991.32,TP_Integrated 3_0,
2025.04.07 13:45:00,297,NAS100,buy,out,0.01,17 113.2,297,0.00, 0.09, 18.73,1 010.14,,
2025.04.07 13:45:01,298,NAS100,buy,in,0.01,17 113.2,298,0.00,0.00,0.00,1 010.14,TP_Integrated 3_0,
2025.04.08 20:15:00,299,NAS100,sell,out,0.01,17 462.4,299,0.00,- 0.04, 3.49,1 013.59,,
2025.04.08 20:15:00,300,NAS100,sell,in,0.01,17 461.9,300,0.00,0.00,0.00,1 013.59,TP_Integrated 3_0,
2025.04.09 11:00:00,301,NAS100,buy,out,0.01,17 220.5,301,0.00, 0.02, 2.41,1 016.02,,
2025.04.09 11:00:00,302,NAS100,buy,in,0.01,17 215.5,302,0.00,0.00,0.00,1 016.02,TP_Integrated 3_0,
2025.04.09 14:45:00,303,NAS100,sell,out,0.01,16 782.4,303,0.00,0.00,- 4.33,1 011.69,,
2025.04.09 14:45:00,304,NAS100,sell,in,0.01,16 782.4,304,0.00,0.00,0.00,1 011.69,TP_Integrated 3_0,
2025.04.09 16:45:00,305,NAS100,buy,out,0.01,17 242.4,305,0.00,0.00,- 4.60,1 007.09,,
2025.04.09 16:45:00,306,NAS100,buy,in,0.01,17 246.4,306,0.00,0.00,0.00,1 007.09,TP_Integrated 3_0,
2025.04.10 13:00:00,307,NAS100,sell,out,0.01,18 715.2,307,0.00,- 0.04, 14.69,1 021.74,,
2025.04.10 13:00:00,308,NAS100,sell,in,0.01,18 717.2,308,0.00,0.00,0.00,1 021.74,TP_Integrated 3_0,
2025.04.10 13:15:00,309,NAS100,buy,out,0.01,18 816.7,309,0.00,0.00,- 1.00,1 020.74,,
2025.04.10 13:15:00,310,NAS100,buy,in,0.01,18 816.7,310,0.00,0.00,0.00,1 020.74,TP_Integrated 3_0,
2025.04.10 15:30:00,311,NAS100,sell,out,0.01,18 691.2,311,0.00,0.00,- 1.26,1 019.48,,
2025.04.10 15:30:00,312,NAS100,sell,in,0.01,18 688.8,312,0.00,0.00,0.00,1 019.48,TP_Integrated 3_0,
2025.04.11 08:00:00,313,NAS100,buy,out,0.01,18 357.5,313,0.00, 0.02, 3.31,1 022.81,,
2025.04.11 08:00:00,314,NAS100,buy,in,0.01,18 359.2,314,0.00,0.00,0.00,1 022.81,TP_Integrated 3_0,
2025.04.11 12:00:00,315,NAS100,sell,out,0.01,18 265.2,315,0.00,0.00,- 0.94,1 021.87,,
2025.04.11 12:00:00,316,NAS100,sell,in,0.01,18 261.0,316,0.00,0.00,0.00,1 021.87,TP_Integrated 3_0,
2025.04.11 13:00:00,317,NAS100,buy,out,0.01,18 510.0,317,0.00,0.00,- 2.49,1 019.38,,
2025.04.11 13:00:00,318,NAS100,buy,in,0.01,18 510.0,318,0.00,0.00,0.00,1 019.38,TP_Integrated 3_0,
2025.04.11 16:15:00,319,NAS100,sell,out,0.01,18 260.2,319,0.00,0.00,- 2.50,1 016.88,,
2025.04.11 16:15:00,320,NAS100,sell,in,0.01,18 258.2,320,0.00,0.00,0.00,1 016.88,TP_Integrated 3_0,
2025.04.11 19:45:00,321,NAS100,buy,out,0.01,18 621.5,321,0.00,0.00,- 3.63,1 013.25,,
2025.04.11 19:45:00,322,NAS100,buy,in,0.01,18 622.5,322,0.00,0.00,0.00,1 013.25,TP_Integrated 3_0,
2025.04.14 18:45:00,323,NAS100,sell,out,0.01,18 797.9,323,0.00,- 0.13, 1.75,1 014.87,,
2025.04.14 18:45:00,324,NAS100,sell,in,0.01,18 798.6,324,0.00,0.00,0.00,1 014.87,TP_Integrated 3_0,
2025.04.15 10:15:00,325,NAS100,buy,out,0.01,18 863.3,325,0.00, 0.02,- 0.65,1 014.24,,
2025.04.15 10:15:00,326,NAS100,buy,in,0.01,18 863.6,326,0.00,0.00,0.00,1 014.24,TP_Integrated 3_0,
2025.04.15 15:15:00,327,NAS100,sell,out,0.01,18 784.1,327,0.00,0.00,- 0.80,1 013.44,,
2025.04.15 15:15:01,328,NAS100,sell,in,0.01,18 780.6,328,0.00,0.00,0.00,1 013.44,TP_Integrated 3_0,
2025.04.15 16:45:00,329,NAS100,buy,out,0.01,18 942.1,329,0.00,0.00,- 1.62,1 011.82,,
2025.04.15 16:45:01,330,NAS100,buy,in,0.01,18 943.1,330,0.00,0.00,0.00,1 011.82,TP_Integrated 3_0,
2025.04.15 21:15:00,331,NAS100,sell,out,0.01,18 778.3,331,0.00,0.00,- 1.65,1 010.17,,
2025.04.15 21:15:00,332,NAS100,sell,in,0.01,18 775.6,332,0.00,0.00,0.00,1 010.17,TP_Integrated 3_0,
2025.04.17 06:15:00,333,NAS100,buy,out,0.01,18 390.0,333,0.00, 0.04, 3.86,1 014.07,,
2025.04.17 06:15:01,334,NAS100,buy,in,0.01,18 392.0,334,0.00,0.00,0.00,1 014.07,TP_Integrated 3_0,
2025.04.17 14:30:00,335,NAS100,sell,out,0.01,18 390.0,335,0.00,0.00,- 0.02,1 014.05,,
2025.04.17 14:30:00,336,NAS100,sell,in,0.01,18 390.0,336,0.00,0.00,0.00,1 014.05,TP_Integrated 3_0,
2025.04.22 03:30:00,337,NAS100,buy,out,0.01,17 891.8,337,0.00, 0.09, 4.98,1 019.12,,
2025.04.22 03:30:00,338,NAS100,buy,in,0.01,17 893.0,338,0.00,0.00,0.00,1 019.12,TP_Integrated 3_0,
2025.04.23 22:30:00,339,NAS100,sell,out,0.01,18 668.9,339,0.00,- 0.04, 7.76,1 026.84,,
2025.04.23 22:30:00,340,NAS100,sell,in,0.01,18 672.9,340,0.00,0.00,0.00,1 026.84,TP_Integrated 3_0,
2025.04.24 15:15:00,341,NAS100,buy,out,0.01,18 702.1,341,0.00, 0.02,- 0.29,1 026.57,,
2025.04.24 15:15:00,342,NAS100,buy,in,0.01,18 700.3,342,0.00,0.00,0.00,1 026.57,TP_Integrated 3_0,
2025.04.25 13:45:00,343,NAS100,sell,out,0.01,19 148.5,343,0.00,- 0.04, 4.48,1 031.01,,
2025.04.25 13:45:00,344,NAS100,sell,in,0.01,19 148.0,344,0.00,0.00,0.00,1 031.01,TP_Integrated 3_0,
2025.04.25 19:00:00,345,NAS100,buy,out,0.01,19 256.8,345,0.00,0.00,- 1.09,1 029.92,,
2025.04.25 19:00:00,346,NAS100,buy,in,0.01,19 256.1,346,0.00,0.00,0.00,1 029.92,TP_Integrated 3_0,
2025.04.28 06:15:00,347,NAS100,sell,out,0.01,19 307.8,347,0.00,- 0.13, 0.52,1 030.31,,
2025.04.28 06:15:00,348,NAS100,sell,in,0.01,19 308.5,348,0.00,0.00,0.00,1 030.31,TP_Integrated 3_0,
2025.04.28 09:30:00,349,NAS100,buy,out,0.01,19 367.3,349,0.00,0.00,- 0.59,1 029.72,,
2025.04.28 09:30:00,350,NAS100,buy,in,0.01,19 366.0,350,0.00,0.00,0.00,1 029.72,TP_Integrated 3_0,
2025.04.28 18:30:00,351,NAS100,sell,out,0.01,19 218.3,351,0.00,0.00,- 1.48,1 028.24,,
2025.04.28 18:30:00,352,NAS100,sell,in,0.01,19 220.3,352,0.00,0.00,0.00,1 028.24,TP_Integrated 3_0,
2025.04.28 22:45:00,353,NAS100,buy,out,0.01,19 417.8,353,0.00,0.00,- 1.98,1 026.26,,
2025.04.28 22:45:01,354,NAS100,buy,in,0.01,19 418.0,354,0.00,0.00,0.00,1 026.26,TP_Integrated 3_0,
2025.04.29 14:15:00,355,NAS100,sell,out,0.01,19 404.4,355,0.00,- 0.04,- 0.14,1 026.08,,
2025.04.29 14:15:00,356,NAS100,sell,in,0.01,19 404.7,356,0.00,0.00,0.00,1 026.08,TP_Integrated 3_0,
2025.04.29 18:15:00,357,NAS100,buy,out,0.01,19 465.9,357,0.00,0.00,- 0.61,1 025.47,,
2025.04.29 18:15:01,358,NAS100,buy,in,0.01,19 466.7,358,0.00,0.00,0.00,1 025.47,TP_Integrated 3_0,
2025.04.30 14:30:00,359,NAS100,sell,out,0.01,19 451.0,359,0.00,- 0.04,- 0.16,1 025.27,,
2025.04.30 14:30:00,360,NAS100,sell,in,0.01,19 450.8,360,0.00,0.00,0.00,1 025.27,TP_Integrated 3_0,
2025.04.30 22:00:00,361,NAS100,buy,out,0.01,19 380.8,361,0.00,0.00, 0.70,1 025.97,,
2025.04.30 22:00:01,362,NAS100,buy,in,0.01,19 380.8,362,0.00,0.00,0.00,1 025.97,TP_Integrated 3_0,
2025.05.01 23:15:00,363,NAS100,sell,out,0.01,19 706.5,363,0.00,- 0.04, 3.26,1 029.19,,
2025.05.01 23:15:01,364,NAS100,sell,in,0.01,19 706.5,364,0.00,0.00,0.00,1 029.19,TP_Integrated 3_0,
2025.05.02 05:30:00,365,NAS100,buy,out,0.01,19 849.7,365,0.00, 0.02,- 1.43,1 027.78,,
2025.05.02 05:30:01,366,NAS100,buy,in,0.01,19 849.7,366,0.00,0.00,0.00,1 027.78,TP_Integrated 3_0,
2025.05.02 11:00:00,367,NAS100,sell,out,0.01,19 804.4,367,0.00,0.00,- 0.45,1 027.33,,
2025.05.02 11:00:00,368,NAS100,sell,in,0.01,19 804.7,368,0.00,0.00,0.00,1 027.33,TP_Integrated 3_0,
2025.05.02 14:15:00,369,NAS100,buy,out,0.01,19 845.7,369,0.00,0.00,- 0.41,1 026.92,,
2025.05.02 14:15:01,370,NAS100,buy,in,0.01,19 845.2,370,0.00,0.00,0.00,1 026.92,TP_Integrated 3_0,
2025.05.02 15:00:00,371,NAS100,sell,out,0.01,19 819.2,371,0.00,0.00,- 0.26,1 026.66,,
2025.05.02 15:00:00,372,NAS100,sell,in,0.01,19 819.9,372,0.00,0.00,0.00,1 026.66,TP_Integrated 3_0,
2025.05.02 15:30:00,373,NAS100,buy,out,0.01,19 850.8,373,0.00,0.00,- 0.31,1 026.35,,
2025.05.02 15:30:01,374,NAS100,buy,in,0.01,19 904.2,374,0.00,0.00,0.00,1 026.35,TP_Integrated 3_0,
2025.05.05 03:15:00,375,NAS100,sell,out,0.01,19 992.0,375,0.00,- 0.13, 0.88,1 027.10,,
2025.05.05 03:15:00,376,NAS100,sell,in,0.01,19 991.5,376,0.00,0.00,0.00,1 027.10,TP_Integrated 3_0,
2025.05.05 17:45:00,377,NAS100,buy,out,0.01,19 996.2,377,0.00,0.00,- 0.05,1 027.05,,
2025.05.05 17:45:00,378,NAS100,buy,in,0.01,19 996.7,378,0.00,0.00,0.00,1 027.05,TP_Integrated 3_0,
2025.05.05 23:45:00,379,NAS100,sell,out,0.01,19 938.5,379,0.00,0.00,- 0.58,1 026.47,,
2025.05.05 23:45:00,380,NAS100,sell,in,0.01,19 938.5,380,0.00,0.00,0.00,1 026.47,TP_Integrated 3_0,
2025.05.06 19:15:00,381,NAS100,buy,out,0.01,19 922.0,381,0.00, 0.02, 0.17,1 026.66,,
2025.05.06 19:15:00,382,NAS100,buy,in,0.01,19 920.5,382,0.00,0.00,0.00,1 026.66,TP_Integrated 3_0,
2025.05.06 20:00:00,383,NAS100,sell,out,0.01,19 783.0,383,0.00,0.00,- 1.38,1 025.28,,
2025.05.06 20:00:00,384,NAS100,sell,in,0.01,19 782.7,384,0.00,0.00,0.00,1 025.28,TP_Integrated 3_0,
2025.05.06 22:00:00,385,NAS100,buy,out,0.01,19 871.8,385,0.00,0.00,- 0.89,1 024.39,,
2025.05.06 22:00:00,386,NAS100,buy,in,0.01,19 872.5,386,0.00,0.00,0.00,1 024.39,TP_Integrated 3_0,
2025.05.06 23:30:00,387,NAS100,sell,out,0.01,19 734.2,387,0.00,0.00,- 1.38,1 023.01,,
2025.05.06 23:30:00,388,NAS100,sell,in,0.01,19 734.2,388,0.00,0.00,0.00,1 023.01,TP_Integrated 3_0,
2025.05.07 01:15:00,389,NAS100,buy,out,0.01,19 958.7,389,0.00, 0.02,- 2.25,1 020.78,,
2025.05.07 01:15:00,390,NAS100,buy,in,0.01,19 961.2,390,0.00,0.00,0.00,1 020.78,TP_Integrated 3_0,
2025.05.07 15:15:00,391,NAS100,sell,out,0.01,19 842.6,391,0.00,0.00,- 1.19,1 019.59,,
2025.05.07 15:15:00,392,NAS100,sell,in,0.01,19 841.3,392,0.00,0.00,0.00,1 019.59,TP_Integrated 3_0,
2025.05.07 23:45:00,393,NAS100,buy,out,0.01,19 873.3,393,0.00,0.00,- 0.32,1 019.27,,
2025.05.07 23:45:01,394,NAS100,buy,in,0.01,19 873.3,394,0.00,0.00,0.00,1 019.27,TP_Integrated 3_0,
2025.05.08 17:15:00,395,NAS100,sell,out,0.01,19 969.3,395,0.00,- 0.04, 0.96,1 020.19,,
2025.05.08 17:15:00,396,NAS100,sell,in,0.01,19 965.3,396,0.00,0.00,0.00,1 020.19,TP_Integrated 3_0,
2025.05.08 18:45:00,397,NAS100,buy,out,0.01,20 213.9,397,0.00,0.00,- 2.49,1 017.70,,
2025.05.08 18:45:00,398,NAS100,buy,in,0.01,20 220.6,398,0.00,0.00,0.00,1 017.70,TP_Integrated 3_0,
2025.05.09 01:01:00,399,NAS100,sell,out,0.01,20 090.3,399,0.00,- 0.04,- 1.30,1 016.36,,
2025.05.09 01:01:00,400,NAS100,sell,in,0.01,20 086.3,400,0.00,0.00,0.00,1 016.36,TP_Integrated 3_0,
2025.05.09 08:00:00,401,NAS100,buy,out,0.01,20 105.0,401,0.00,0.00,- 0.19,1 016.17,,
2025.05.09 08:00:00,402,NAS100,buy,in,0.01,20 104.5,402,0.00,0.00,0.00,1 016.17,TP_Integrated 3_0,
2025.05.09 08:30:01,403,NAS100,sell,out,0.01,20 081.9,403,0.00,0.00,- 0.23,1 015.94,,
2025.05.09 08:30:01,404,NAS100,sell,in,0.01,20 081.9,404,0.00,0.00,0.00,1 015.94,TP_Integrated 3_0,
2025.05.09 08:45:00,405,NAS100,buy,out,0.01,20 099.9,405,0.00,0.00,- 0.18,1 015.76,,
2025.05.09 08:45:00,406,NAS100,buy,in,0.01,20 099.9,406,0.00,0.00,0.00,1 015.76,TP_Integrated 3_0,
2025.05.09 17:45:00,407,NAS100,sell,out,0.01,20 027.6,407,0.00,0.00,- 0.72,1 015.04,,
2025.05.09 17:45:00,408,NAS100,sell,in,0.01,20 030.9,408,0.00,0.00,0.00,1 015.04,TP_Integrated 3_0,
2025.05.12 01:15:00,409,NAS100,buy,out,0.01,20 383.5,409,0.00, 0.05,- 3.53,1 011.56,,
2025.05.12 01:15:00,410,NAS100,buy,in,0.01,20 383.5,410,0.00,0.00,0.00,1 011.56,TP_Integrated 3_0,
2025.05.13 07:00:00,411,NAS100,sell,out,0.01,20 764.8,411,0.00,- 0.04, 3.81,1 015.33,,
2025.05.13 07:00:00,412,NAS100,sell,in,0.01,20 759.8,412,0.00,0.00,0.00,1 015.33,TP_Integrated 3_0,
2025.05.13 13:15:00,413,NAS100,buy,out,0.01,20 807.5,413,0.00,0.00,- 0.48,1 014.85,,
2025.05.13 13:15:01,414,NAS100,buy,in,0.01,20 806.3,414,0.00,0.00,0.00,1 014.85,TP_Integrated 3_0,
2025.05.15 08:45:01,415,NAS100,sell,out,0.01,21 253.7,415,0.00,- 0.08, 4.47,1 019.24,,
2025.05.15 08:45:01,416,NAS100,sell,in,0.01,21 253.7,416,0.00,0.00,0.00,1 019.24,TP_Integrated 3_0,
2025.05.15 18:15:00,417,NAS100,buy,out,0.01,21 304.1,417,0.00,0.00,- 0.50,1 018.74,,
2025.05.15 18:15:01,418,NAS100,buy,in,0.01,21 301.8,418,0.00,0.00,0.00,1 018.74,TP_Integrated 3_0,
2025.05.16 04:45:00,419,NAS100,sell,out,0.01,21 295.5,419,0.00,- 0.04,- 0.06,1 018.64,,
2025.05.16 04:45:00,420,NAS100,sell,in,0.01,21 295.5,420,0.00,0.00,0.00,1 018.64,TP_Integrated 3_0,
2025.05.16 05:45:00,421,NAS100,buy,out,0.01,21 331.7,421,0.00,0.00,- 0.36,1 018.28,,
2025.05.16 05:45:00,422,NAS100,buy,in,0.01,21 331.7,422,0.00,0.00,0.00,1 018.28,TP_Integrated 3_0,
2025.05.16 09:45:00,423,NAS100,sell,out,0.01,21 297.6,423,0.00,0.00,- 0.34,1 017.94,,
2025.05.16 09:45:01,424,NAS100,sell,in,0.01,21 297.8,424,0.00,0.00,0.00,1 017.94,TP_Integrated 3_0,
2025.05.16 10:30:00,425,NAS100,buy,out,0.01,21 345.0,425,0.00,0.00,- 0.47,1 017.47,,
2025.05.16 10:30:00,426,NAS100,buy,in,0.01,21 345.0,426,0.00,0.00,0.00,1 017.47,TP_Integrated 3_0,
2025.05.16 17:45:00,427,NAS100,sell,out,0.01,21 252.7,427,0.00,0.00,- 0.92,1 016.55,,
2025.05.16 17:45:00,428,NAS100,sell,in,0.01,21 247.2,428,0.00,0.00,0.00,1 016.55,TP_Integrated 3_0,
2025.05.16 20:15:00,429,NAS100,buy,out,0.01,21 374.0,429,0.00,0.00,- 1.27,1 015.28,,
2025.05.16 20:15:01,430,NAS100,buy,in,0.01,21 374.0,430,0.00,0.00,0.00,1 015.28,TP_Integrated 3_0,
2025.05.19 01:30:00,431,NAS100,sell,out,0.01,21 262.3,431,0.00,- 0.13,- 1.12,1 014.03,,
2025.05.19 01:30:01,432,NAS100,sell,in,0.01,21 263.6,432,0.00,0.00,0.00,1 014.03,TP_Integrated 3_0,
2025.05.19 17:00:00,433,NAS100,buy,out,0.01,21 291.9,433,0.00,0.00,- 0.28,1 013.75,,
2025.05.19 17:00:00,434,NAS100,buy,in,0.01,21 296.9,434,0.00,0.00,0.00,1 013.75,TP_Integrated 3_0,
2025.05.20 07:45:00,435,NAS100,sell,out,0.01,21 375.1,435,0.00,- 0.04, 0.78,1 014.49,,
2025.05.20 07:45:00,436,NAS100,sell,in,0.01,21 375.1,436,0.00,0.00,0.00,1 014.49,TP_Integrated 3_0,
2025.05.20 08:00:00,437,NAS100,buy,out,0.01,21 392.0,437,0.00,0.00,- 0.17,1 014.32,,
2025.05.20 08:00:00,438,NAS100,buy,in,0.01,21 392.3,438,0.00,0.00,0.00,1 014.32,TP_Integrated 3_0,
2025.05.20 09:15:00,439,NAS100,sell,out,0.01,21 354.6,439,0.00,0.00,- 0.38,1 013.94,,
2025.05.20 09:15:00,440,NAS100,sell,in,0.01,21 354.6,440,0.00,0.00,0.00,1 013.94,TP_Integrated 3_0,
2025.05.20 14:00:00,441,NAS100,buy,out,0.01,21 407.9,441,0.00,0.00,- 0.53,1 013.41,,
2025.05.20 14:00:00,442,NAS100,buy,in,0.01,21 410.1,442,0.00,0.00,0.00,1 013.41,TP_Integrated 3_0,
2025.05.20 16:30:00,443,NAS100,sell,out,0.01,21 356.2,443,0.00,0.00,- 0.54,1 012.87,,
2025.05.20 16:30:00,444,NAS100,sell,in,0.01,21 357.0,444,0.00,0.00,0.00,1 012.87,TP_Integrated 3_0,
2025.05.20 20:15:00,445,NAS100,buy,out,0.01,21 409.7,445,0.00,0.00,- 0.53,1 012.34,,
2025.05.20 20:15:00,446,NAS100,buy,in,0.01,21 410.0,446,0.00,0.00,0.00,1 012.34,TP_Integrated 3_0,
2025.05.20 21:30:00,447,NAS100,sell,out,0.01,21 290.5,447,0.00,0.00,- 1.20,1 011.14,,
2025.05.20 21:30:00,448,NAS100,sell,in,0.01,21 290.0,448,0.00,0.00,0.00,1 011.14,TP_Integrated 3_0,
2025.05.21 03:30:00,449,NAS100,buy,out,0.01,21 388.4,449,0.00, 0.02,- 0.98,1 010.18,,
2025.05.21 03:30:01,450,NAS100,buy,in,0.01,21 388.4,450,0.00,0.00,0.00,1 010.18,TP_Integrated 3_0,
2025.05.21 05:00:00,451,NAS100,sell,out,0.01,21 346.4,451,0.00,0.00,- 0.42,1 009.76,,
2025.05.21 05:00:00,452,NAS100,sell,in,0.01,21 345.7,452,0.00,0.00,0.00,1 009.76,TP_Integrated 3_0,
2025.05.21 17:30:00,453,NAS100,buy,out,0.01,21 330.7,453,0.00,0.00, 0.15,1 009.91,,
2025.05.21 17:30:00,454,NAS100,buy,in,0.01,21 331.9,454,0.00,0.00,0.00,1 009.91,TP_Integrated 3_0,
2025.05.21 21:15:00,455,NAS100,sell,out,0.01,21 180.8,455,0.00,0.00,- 1.51,1 008.40,,
2025.05.21 21:15:00,456,NAS100,sell,in,0.01,21 181.3,456,0.00,0.00,0.00,1 008.40,TP_Integrated 3_0,
2025.05.22 17:15:00,457,NAS100,buy,out,0.01,21 222.5,457,0.00, 0.02,- 0.41,1 008.01,,
2025.05.22 17:15:00,458,NAS100,buy,in,0.01,21 221.7,458,0.00,0.00,0.00,1 008.01,TP_Integrated 3_0,
2025.05.23 01:01:00,459,NAS100,sell,out,0.01,21 176.2,459,0.00,- 0.04,- 0.46,1 007.51,,
2025.05.23 01:01:00,460,NAS100,sell,in,0.01,21 178.2,460,0.00,0.00,0.00,1 007.51,TP_Integrated 3_0,
2025.05.23 11:30:02,461,NAS100,buy,out,0.01,21 168.2,461,0.00,0.00, 0.10,1 007.61,,
2025.05.23 11:30:02,462,NAS100,buy,in,0.01,21 168.2,462,0.00,0.00,0.00,1 007.61,TP_Integrated 3_0,
2025.05.23 12:30:00,463,NAS100,sell,out,0.01,21 069.2,463,0.00,0.00,- 0.99,1 006.62,,
2025.05.23 12:30:01,464,NAS100,sell,in,0.01,21 070.9,464,0.00,0.00,0.00,1 006.62,TP_Integrated 3_0,
2025.05.23 22:15:00,465,NAS100,buy,out,0.01,21 010.7,465,0.00,0.00, 0.60,1 007.22,,
2025.05.23 22:15:00,466,NAS100,buy,in,0.01,21 009.4,466,0.00,0.00,0.00,1 007.22,TP_Integrated 3_0,
2025.05.23 23:00:00,467,NAS100,sell,out,0.01,20 930.5,467,0.00,0.00,- 0.79,1 006.43,,
2025.05.23 23:00:00,468,NAS100,sell,in,0.01,20 924.0,468,0.00,0.00,0.00,1 006.43,TP_Integrated 3_0,
2025.05.26 01:30:00,469,NAS100,buy,out,0.01,21 155.9,469,0.00, 0.05,- 2.32,1 004.16,,
2025.05.26 01:30:00,470,NAS100,buy,in,0.01,21 156.9,470,0.00,0.00,0.00,1 004.16,TP_Integrated 3_0,
2025.05.27 03:15:01,471,NAS100,sell,out,0.01,21 185.6,471,0.00,- 0.04, 0.29,1 004.41,,
2025.05.27 03:15:01,472,NAS100,sell,in,0.01,21 185.6,472,0.00,0.00,0.00,1 004.41,TP_Integrated 3_0,
2025.05.27 10:00:00,473,NAS100,buy,out,0.01,21 207.6,473,0.00,0.00,- 0.22,1 004.19,,
2025.05.27 10:00:00,474,NAS100,buy,in,0.01,21 206.1,474,0.00,0.00,0.00,1 004.19,TP_Integrated 3_0,
2025.05.28 12:00:00,475,NAS100,sell,out,0.01,21 384.6,475,0.00,- 0.04, 1.79,1 005.94,,
2025.05.28 12:00:00,476,NAS100,sell,in,0.01,21 384.4,476,0.00,0.00,0.00,1 005.94,TP_Integrated 3_0,
2025.05.28 13:30:00,477,NAS100,buy,out,0.01,21 424.6,477,0.00,0.00,- 0.40,1 005.54,,
2025.05.28 13:30:00,478,NAS100,buy,in,0.01,21 424.6,478,0.00,0.00,0.00,1 005.54,TP_Integrated 3_0,
2025.05.28 19:00:00,479,NAS100,sell,out,0.01,21 399.9,479,0.00,0.00,- 0.25,1 005.29,,
2025.05.28 19:00:00,480,NAS100,sell,in,0.01,21 401.1,480,0.00,0.00,0.00,1 005.29,TP_Integrated 3_0,
2025.05.28 19:45:00,481,NAS100,buy,out,0.01,21 435.6,481,0.00,0.00,- 0.35,1 004.94,,
2025.05.28 19:45:01,482,NAS100,buy,in,0.01,21 435.6,482,0.00,0.00,0.00,1 004.94,TP_Integrated 3_0,
2025.05.28 22:45:00,483,NAS100,sell,out,0.01,21 381.4,483,0.00,0.00,- 0.54,1 004.40,,
2025.05.28 22:45:00,484,NAS100,sell,in,0.01,21 380.9,484,0.00,0.00,0.00,1 004.40,TP_Integrated 3_0,
2025.05.29 01:15:00,485,NAS100,buy,out,0.01,21 486.1,485,0.00, 0.02,- 1.05,1 003.37,,
2025.05.29 01:15:00,486,NAS100,buy,in,0.01,21 486.4,486,0.00,0.00,0.00,1 003.37,TP_Integrated 3_0,
2025.05.29 15:00:00,487,NAS100,sell,out,0.01,21 615.4,487,0.00,0.00, 1.29,1 004.66,,
2025.05.29 15:00:00,488,NAS100,sell,in,0.01,21 615.1,488,0.00,0.00,0.00,1 004.66,TP_Integrated 3_0,
2025.05.30 14:30:00,489,NAS100,buy,out,0.01,21 365.1,489,0.00, 0.02, 2.50,1 007.18,,
2025.05.30 14:30:00,490,NAS100,buy,in,0.01,21 365.1,490,0.00,0.00,0.00,1 007.18,TP_Integrated 3_0,
2025.05.30 15:15:00,491,NAS100,sell,out,0.01,21 248.1,491,0.00,0.00,- 1.17,1 006.01,,
2025.05.30 15:15:00,492,NAS100,sell,in,0.01,21 248.9,492,0.00,0.00,0.00,1 006.01,TP_Integrated 3_0,
2025.05.30 23:15:00,493,NAS100,buy,out,0.01,21 339.4,493,0.00,0.00,- 0.91,1 005.10,,
2025.05.30 23:15:00,494,NAS100,buy,in,0.01,21 340.6,494,0.00,0.00,0.00,1 005.10,TP_Integrated 3_0,
2025.06.02 03:30:00,495,NAS100,sell,out,0.01,21 271.2,495,0.00,- 0.13,- 0.69,1 004.28,,
2025.06.02 03:30:00,496,NAS100,sell,in,0.01,21 271.2,496,0.00,0.00,0.00,1 004.28,TP_Integrated 3_0,
2025.06.02 15:15:00,497,NAS100,buy,out,0.01,21 252.7,497,0.00,0.00, 0.19,1 004.47,,
2025.06.02 15:15:01,498,NAS100,buy,in,0.01,21 252.7,498,0.00,0.00,0.00,1 004.47,TP_Integrated 3_0,
2025.06.03 10:30:00,499,NAS100,sell,out,0.01,21 393.4,499,0.00,- 0.04, 1.41,1 005.84,,
2025.06.03 10:30:00,500,NAS100,sell,in,0.01,21 394.4,500,0.00,0.00,0.00,1 005.84,TP_Integrated 3_0,
2025.06.03 13:45:00,501,NAS100,buy,out,0.01,21 455.0,501,0.00,0.00,- 0.61,1 005.23,,
2025.06.03 13:45:00,502,NAS100,buy,in,0.01,21 455.0,502,0.00,0.00,0.00,1 005.23,TP_Integrated 3_0,
2025.06.05 08:30:00,503,NAS100,sell,out,0.01,21 718.7,503,0.00,- 0.08, 2.64,1 007.79,,
2025.06.05 08:30:01,504,NAS100,sell,in,0.01,21 718.7,504,0.00,0.00,0.00,1 007.79,TP_Integrated 3_0,
2025.06.05 10:30:00,505,NAS100,buy,out,0.01,21 798.2,505,0.00,0.00,- 0.80,1 006.99,,
2025.06.05 10:30:00,506,NAS100,buy,in,0.01,21 798.2,506,0.00,0.00,0.00,1 006.99,TP_Integrated 3_0,
2025.06.05 17:15:00,507,NAS100,sell,out,0.01,21 708.4,507,0.00,0.00,- 0.90,1 006.09,,
2025.06.05 17:15:00,508,NAS100,sell,in,0.01,21 709.9,508,0.00,0.00,0.00,1 006.09,TP_Integrated 3_0,
2025.06.05 17:30:00,509,NAS100,buy,out,0.01,21 785.4,509,0.00,0.00,- 0.76,1 005.33,,
2025.06.05 17:30:01,510,NAS100,buy,in,0.01,21 789.2,510,0.00,0.00,0.00,1 005.33,TP_Integrated 3_0,
2025.06.05 21:00:00,511,NAS100,sell,out,0.01,21 714.4,511,0.00,0.00,- 0.75,1 004.58,,
2025.06.05 21:00:00,512,NAS100,sell,in,0.01,21 714.7,512,0.00,0.00,0.00,1 004.58,TP_Integrated 3_0,
2025.06.06 09:00:00,513,NAS100,buy,out,0.01,21 644.3,513,0.00, 0.02, 0.70,1 005.30,,
2025.06.06 09:00:00,514,NAS100,buy,in,0.01,21 644.3,514,0.00,0.00,0.00,1 005.30,TP_Integrated 3_0,
2025.06.09 04:15:00,515,NAS100,sell,out,0.01,21 739.1,515,0.00,- 0.13, 0.95,1 006.12,,
2025.06.09 04:15:00,516,NAS100,sell,in,0.01,21 739.1,516,0.00,0.00,0.00,1 006.12,TP_Integrated 3_0,
2025.06.09 10:30:01,517,NAS100,buy,out,0.01,21 754.9,517,0.00,0.00,- 0.16,1 005.96,,
2025.06.09 10:30:01,518,NAS100,buy,in,0.01,21 754.9,518,0.00,0.00,0.00,1 005.96,TP_Integrated 3_0,
2025.06.10 09:15:00,519,NAS100,sell,out,0.01,21 810.6,519,0.00,- 0.04, 0.56,1 006.48,,
2025.06.10 09:15:01,520,NAS100,sell,in,0.01,21 810.6,520,0.00,0.00,0.00,1 006.48,TP_Integrated 3_0,
2025.06.10 15:30:03,521,NAS100,buy,out,0.01,21 856.6,521,0.00,0.00,- 0.46,1 006.02,,
2025.06.10 15:30:03,522,NAS100,buy,in,0.01,21 857.4,522,0.00,0.00,0.00,1 006.02,TP_Integrated 3_0,
2025.06.11 06:00:00,523,NAS100,sell,out,0.01,21 885.4,523,0.00,- 0.04, 0.28,1 006.26,,
2025.06.11 06:00:01,524,NAS100,sell,in,0.01,21 885.4,524,0.00,0.00,0.00,1 006.26,TP_Integrated 3_0,
2025.06.11 11:00:00,525,NAS100,buy,out,0.01,21 923.4,525,0.00,0.00,- 0.38,1 005.88,,
2025.06.11 11:00:00,526,NAS100,buy,in,0.01,21 923.4,526,0.00,0.00,0.00,1 005.88,TP_Integrated 3_0,
2025.06.11 21:15:00,527,NAS100,sell,out,0.01,21 823.9,527,0.00,0.00,- 1.00,1 004.88,,
2025.06.11 21:15:00,528,NAS100,sell,in,0.01,21 818.4,528,0.00,0.00,0.00,1 004.88,TP_Integrated 3_0,
2025.06.12 16:45:00,529,NAS100,buy,out,0.01,21 875.6,529,0.00, 0.02,- 0.57,1 004.33,,
2025.06.12 16:45:00,530,NAS100,buy,in,0.01,21 876.8,530,0.00,0.00,0.00,1 004.33,TP_Integrated 3_0,
2025.06.13 02:45:00,531,NAS100,sell,out,0.01,21 863.3,531,0.00,- 0.04,- 0.14,1 004.15,,
2025.06.13 02:45:00,532,NAS100,sell,in,0.01,21 863.3,532,0.00,0.00,0.00,1 004.15,TP_Integrated 3_0,
2025.06.13 15:00:00,533,NAS100,buy,out,0.01,21 684.8,533,0.00,0.00, 1.79,1 005.94,,
2025.06.13 15:00:00,534,NAS100,buy,in,0.01,21 688.5,534,0.00,0.00,0.00,1 005.94,TP_Integrated 3_0,
2025.06.13 22:30:00,535,NAS100,sell,out,0.01,21 626.4,535,0.00,0.00,- 0.62,1 005.32,,
2025.06.13 22:30:00,536,NAS100,sell,in,0.01,21 629.1,536,0.00,0.00,0.00,1 005.32,TP_Integrated 3_0,
2025.06.16 05:00:00,537,NAS100,buy,out,0.01,21 694.1,537,0.00, 0.05,- 0.65,1 004.72,,
2025.06.16 05:00:00,538,NAS100,buy,in,0.01,21 694.1,538,0.00,0.00,0.00,1 004.72,TP_Integrated 3_0,
2025.06.17 03:00:00,539,NAS100,sell,out,0.01,21 803.1,539,0.00,- 0.04, 1.09,1 005.77,,
2025.06.17 03:00:00,540,NAS100,sell,in,0.01,21 804.4,540,0.00,0.00,0.00,1 005.77,TP_Integrated 3_0,
2025.06.17 09:30:00,541,NAS100,buy,out,0.01,21 900.7,541,0.00,0.00,- 0.96,1 004.81,,
2025.06.17 09:30:01,542,NAS100,buy,in,0.01,21 901.0,542,0.00,0.00,0.00,1 004.81,TP_Integrated 3_0,
2025.06.17 10:00:00,543,NAS100,sell,out,0.01,21 854.1,543,0.00,0.00,- 0.47,1 004.34,,
2025.06.17 10:00:00,544,NAS100,sell,in,0.01,21 851.6,544,0.00,0.00,0.00,1 004.34,TP_Integrated 3_0,
2025.06.17 17:15:00,545,NAS100,buy,out,0.01,21 913.6,545,0.00,0.00,- 0.62,1 003.72,,
2025.06.17 17:15:01,546,NAS100,buy,in,0.01,21 913.8,546,0.00,0.00,0.00,1 003.72,TP_Integrated 3_0,
2025.06.17 20:30:00,547,NAS100,sell,out,0.01,21 795.6,547,0.00,0.00,- 1.18,1 002.54,,
2025.06.17 20:30:00,548,NAS100,sell,in,0.01,21 789.1,548,0.00,0.00,0.00,1 002.54,TP_Integrated 3_0,
2025.06.18 09:15:00,549,NAS100,buy,out,0.01,21 799.9,549,0.00, 0.02,- 0.11,1 002.45,,
2025.06.18 09:15:00,550,NAS100,buy,in,0.01,21 799.9,550,0.00,0.00,0.00,1 002.45,TP_Integrated 3_0,
2025.06.18 14:30:00,551,NAS100,sell,out,0.01,21 768.6,551,0.00,0.00,- 0.31,1 002.14,,
2025.06.18 14:30:00,552,NAS100,sell,in,0.01,21 768.6,552,0.00,0.00,0.00,1 002.14,TP_Integrated 3_0,
2025.06.18 15:15:00,553,NAS100,buy,out,0.01,21 797.3,553,0.00,0.00,- 0.29,1 001.85,,
2025.06.18 15:15:00,554,NAS100,buy,in,0.01,21 796.8,554,0.00,0.00,0.00,1 001.85,TP_Integrated 3_0,
2025.06.18 15:45:00,555,NAS100,sell,out,0.01,21 776.1,555,0.00,0.00,- 0.21,1 001.64,,
2025.06.18 15:45:00,556,NAS100,sell,in,0.01,21 776.1,556,0.00,0.00,0.00,1 001.64,TP_Integrated 3_0,
2025.06.18 17:15:00,557,NAS100,buy,out,0.01,21 832.8,557,0.00,0.00,- 0.57,1 001.07,,
2025.06.18 17:15:01,558,NAS100,buy,in,0.01,21 832.8,558,0.00,0.00,0.00,1 001.07,TP_Integrated 3_0,
2025.06.18 22:00:00,559,NAS100,sell,out,0.01,21 704.6,559,0.00,0.00,- 1.28, 999.79,,
2025.06.18 22:00:00,560,NAS100,sell,in,0.01,21 699.3,560,0.00,0.00,0.00, 999.79,TP_Integrated 3_0,
2025.06.20 02:00:00,561,NAS100,buy,out,0.01,21 683.0,561,0.00, 0.04, 0.16, 999.99,,
2025.06.20 02:00:00,562,NAS100,buy,in,0.01,21 684.5,562,0.00,0.00,0.00, 999.99,TP_Integrated 3_0,
2025.06.20 18:30:00,563,NAS100,sell,out,0.01,21 643.0,563,0.00,0.00,- 0.42, 999.57,,
2025.06.20 18:30:00,564,NAS100,sell,in,0.01,21 644.3,564,0.00,0.00,0.00, 999.57,TP_Integrated 3_0,
2025.06.23 09:45:00,565,NAS100,buy,out,0.01,21 612.4,565,0.00, 0.05, 0.32, 999.94,,
2025.06.23 09:45:00,566,NAS100,buy,in,0.01,21 612.4,566,0.00,0.00,0.00, 999.94,TP_Integrated 3_0,
2025.06.25 20:45:00,567,NAS100,sell,out,0.01,22 210.2,567,0.00,- 0.08, 5.98,1 005.84,,
2025.06.25 20:45:00,568,NAS100,sell,in,0.01,22 210.2,568,0.00,0.00,0.00,1 005.84,TP_Integrated 3_0,
2025.06.25 23:15:00,569,NAS100,buy,out,0.01,22 268.2,569,0.00,0.00,- 0.58,1 005.26,,
2025.06.25 23:15:00,570,NAS100,buy,in,0.01,22 268.2,570,0.00,0.00,0.00,1 005.26,TP_Integrated 3_0,
2025.06.27 21:30:00,571,NAS100,sell,out,0.01,22 471.4,571,0.00,- 0.08, 2.03,1 007.21,,
2025.06.27 21:30:00,572,NAS100,sell,in,0.01,22 470.1,572,0.00,0.00,0.00,1 007.21,TP_Integrated 3_0,
2025.06.30 01:30:00,573,NAS100,buy,out,0.01,22 616.0,573,0.00, 0.05,- 1.46,1 005.80,,
2025.06.30 01:30:01,574,NAS100,buy,in,0.01,22 616.0,574,0.00,0.00,0.00,1 005.80,TP_Integrated 3_0,
2025.06.30 17:15:00,575,NAS100,sell,out,0.01,22 645.6,575,0.00,0.00, 0.30,1 006.10,,
2025.06.30 17:15:00,576,NAS100,sell,in,0.01,22 645.6,576,0.00,0.00,0.00,1 006.10,TP_Integrated 3_0,
2025.06.30 22:45:00,577,NAS100,buy,out,0.01,22 691.1,577,0.00,0.00,- 0.46,1 005.64,,
2025.06.30 22:45:00,578,NAS100,buy,in,0.01,22 689.9,578,0.00,0.00,0.00,1 005.64,TP_Integrated 3_0,
2025.07.01 08:15:00,579,NAS100,sell,out,0.01,22 655.9,579,0.00,- 0.04,- 0.34,1 005.26,,
2025.07.01 08:15:00,580,NAS100,sell,in,0.01,22 655.9,580,0.00,0.00,0.00,1 005.26,TP_Integrated 3_0,
2025.07.02 07:15:01,581,NAS100,buy,out,0.01,22 556.9,581,0.00, 0.02, 0.99,1 006.27,,
2025.07.02 07:15:02,582,NAS100,buy,in,0.01,22 556.9,582,0.00,0.00,0.00,1 006.27,TP_Integrated 3_0,
2025.07.02 11:30:01,583,NAS100,sell,out,0.01,22 526.6,583,0.00,0.00,- 0.30,1 005.97,,
2025.07.02 11:30:02,584,NAS100,sell,in,0.01,22 526.6,584,0.00,0.00,0.00,1 005.97,TP_Integrated 3_0,
2025.07.02 17:45:00,585,NAS100,buy,out,0.01,22 588.1,585,0.00,0.00,- 0.62,1 005.35,,
2025.07.02 17:45:00,586,NAS100,buy,in,0.01,22 586.6,586,0.00,0.00,0.00,1 005.35,TP_Integrated 3_0,
2025.07.04 10:15:00,587,NAS100,sell,out,0.01,22 783.2,587,0.00,- 0.08, 1.97,1 007.24,,
2025.07.04 10:15:00,588,NAS100,sell,in,0.01,22 783.2,588,0.00,0.00,0.00,1 007.24,TP_Integrated 3_0,
2025.07.07 01:30:00,589,NAS100,buy,out,0.01,22 808.0,589,0.00, 0.05,- 0.25,1 007.04,,
2025.07.07 01:30:01,590,NAS100,buy,in,0.01,22 808.0,590,0.00,0.00,0.00,1 007.04,TP_Integrated 3_0,
2025.07.07 08:30:01,591,NAS100,sell,out,0.01,22 756.3,591,0.00,0.00,- 0.52,1 006.52,,
2025.07.07 08:30:01,592,NAS100,sell,in,0.01,22 756.3,592,0.00,0.00,0.00,1 006.52,TP_Integrated 3_0,
2025.07.07 13:30:04,593,NAS100,buy,out,0.01,22 801.3,593,0.00,0.00,- 0.45,1 006.07,,
2025.07.07 13:30:05,594,NAS100,buy,in,0.01,22 801.3,594,0.00,0.00,0.00,1 006.07,TP_Integrated 3_0,
2025.07.07 17:15:01,595,NAS100,sell,out,0.01,22 737.8,595,0.00,0.00,- 0.64,1 005.43,,
2025.07.07 17:15:01,596,NAS100,sell,in,0.01,22 736.8,596,0.00,0.00,0.00,1 005.43,TP_Integrated 3_0,
2025.07.08 04:30:00,597,NAS100,buy,out,0.01,22 746.9,597,0.00, 0.02,- 0.10,1 005.35,,
2025.07.08 04:30:01,598,NAS100,buy,in,0.01,22 746.9,598,0.00,0.00,0.00,1 005.35,TP_Integrated 3_0,
2025.07.08 17:00:00,599,NAS100,sell,out,0.01,22 703.4,599,0.00,0.00,- 0.44,1 004.91,,
2025.07.08 17:00:00,600,NAS100,sell,in,0.01,22 703.6,600,0.00,0.00,0.00,1 004.91,TP_Integrated 3_0,
2025.07.09 12:15:00,601,NAS100,buy,out,0.01,22 738.7,601,0.00, 0.02,- 0.35,1 004.58,,
2025.07.09 12:15:00,602,NAS100,buy,in,0.01,22 740.0,602,0.00,0.00,0.00,1 004.58,TP_Integrated 3_0,
2025.07.10 07:15:01,603,NAS100,sell,out,0.01,22 815.2,603,0.00,- 0.04, 0.75,1 005.29,,
2025.07.10 07:15:02,604,NAS100,sell,in,0.01,22 815.2,604,0.00,0.00,0.00,1 005.29,TP_Integrated 3_0,
2025.07.10 11:00:00,605,NAS100,buy,out,0.01,22 852.5,605,0.00,0.00,- 0.37,1 004.92,,
2025.07.10 11:00:01,606,NAS100,buy,in,0.01,22 852.5,606,0.00,0.00,0.00,1 004.92,TP_Integrated 3_0,
2025.07.10 17:15:00,607,NAS100,sell,out,0.01,22 767.0,607,0.00,0.00,- 0.86,1 004.06,,
2025.07.10 17:15:00,608,NAS100,sell,in,0.01,22 766.2,608,0.00,0.00,0.00,1 004.06,TP_Integrated 3_0,
2025.07.10 21:15:00,609,NAS100,buy,out,0.01,22 867.5,609,0.00,0.00,- 1.01,1 003.05,,
2025.07.10 21:15:00,610,NAS100,buy,in,0.01,22 867.5,610,0.00,0.00,0.00,1 003.05,TP_Integrated 3_0,
2025.07.11 03:30:00,611,NAS100,sell,out,0.01,22 693.8,611,0.00,- 0.04,- 1.74,1 001.27,,
2025.07.11 03:30:00,612,NAS100,sell,in,0.01,22 693.5,612,0.00,0.00,0.00,1 001.27,TP_Integrated 3_0,
2025.07.11 17:30:00,613,NAS100,buy,out,0.01,22 822.2,613,0.00,0.00,- 1.29, 999.98,,
2025.07.11 17:30:00,614,NAS100,buy,in,0.01,22 822.2,614,0.00,0.00,0.00, 999.98,TP_Integrated 3_0,
2025.07.14 01:15:00,615,NAS100,sell,out,0.01,22 670.8,615,0.00,- 0.13,- 1.51, 998.34,,
2025.07.14 01:15:01,616,NAS100,sell,in,0.01,22 670.5,616,0.00,0.00,0.00, 998.34,TP_Integrated 3_0,
2025.07.14 12:45:00,617,NAS100,buy,out,0.01,22 741.0,617,0.00,0.00,- 0.71, 997.63,,
2025.07.14 12:45:01,618,NAS100,buy,in,0.01,22 741.0,618,0.00,0.00,0.00, 997.63,TP_Integrated 3_0,
2025.07.15 20:15:00,619,NAS100,sell,out,0.01,22 943.7,619,0.00,- 0.04, 2.03, 999.62,,
2025.07.15 20:15:00,620,NAS100,sell,in,0.01,22 944.9,620,0.00,0.00,0.00, 999.62,TP_Integrated 3_0,
2025.07.15 21:00:00,621,NAS100,buy,out,0.01,23 013.0,621,0.00,0.00,- 0.68, 998.94,,
2025.07.15 21:00:00,622,NAS100,buy,in,0.01,23 013.0,622,0.00,0.00,0.00, 998.94,TP_Integrated 3_0,
2025.07.15 22:15:00,623,NAS100,sell,out,0.01,22 943.7,623,0.00,0.00,- 0.69, 998.25,,
2025.07.15 22:15:00,624,NAS100,sell,in,0.01,22 944.2,624,0.00,0.00,0.00, 998.25,TP_Integrated 3_0,
2025.07.16 15:45:00,625,NAS100,buy,out,0.01,22 911.5,625,0.00, 0.02, 0.33, 998.60,,
2025.07.16 15:45:00,626,NAS100,buy,in,0.01,22 911.5,626,0.00,0.00,0.00, 998.60,TP_Integrated 3_0,
2025.07.16 17:15:00,627,NAS100,sell,out,0.01,22 820.0,627,0.00,0.00,- 0.92, 997.68,,
2025.07.16 17:15:00,628,NAS100,sell,in,0.01,22 817.5,628,0.00,0.00,0.00, 997.68,TP_Integrated 3_0,
2025.07.16 20:30:00,629,NAS100,buy,out,0.01,22 885.5,629,0.00,0.00,- 0.68, 997.00,,
2025.07.16 20:30:00,630,NAS100,buy,in,0.01,22 885.2,630,0.00,0.00,0.00, 997.00,TP_Integrated 3_0,
2025.07.17 06:00:00,631,NAS100,sell,out,0.01,22 871.0,631,0.00,- 0.04,- 0.14, 996.82,,
2025.07.17 06:00:00,632,NAS100,sell,in,0.01,22 871.0,632,0.00,0.00,0.00, 996.82,TP_Integrated 3_0,
2025.07.17 07:15:00,633,NAS100,buy,out,0.01,22 891.0,633,0.00,0.00,- 0.20, 996.62,,
2025.07.17 07:15:00,634,NAS100,buy,in,0.01,22 891.0,634,0.00,0.00,0.00, 996.62,TP_Integrated 3_0,
2025.07.18 15:15:01,635,NAS100,sell,out,0.01,23 105.8,635,0.00,- 0.04, 2.15, 998.73,,
2025.07.18 15:15:01,636,NAS100,sell,in,0.01,23 105.8,636,0.00,0.00,0.00, 998.73,TP_Integrated 3_0,
2025.07.18 16:15:00,637,NAS100,buy,out,0.01,23 128.2,637,0.00,0.00,- 0.22, 998.51,,
2025.07.18 16:15:00,638,NAS100,buy,in,0.01,23 128.5,638,0.00,0.00,0.00, 998.51,TP_Integrated 3_0,
2025.07.18 17:15:00,639,NAS100,sell,out,0.01,23 078.3,639,0.00,0.00,- 0.50, 998.01,,
2025.07.18 17:15:00,640,NAS100,sell,in,0.01,23 078.8,640,0.00,0.00,0.00, 998.01,TP_Integrated 3_0,
2025.07.21 02:15:02,641,NAS100,buy,out,0.01,23 107.1,641,0.00, 0.05,- 0.28, 997.78,,
2025.07.21 02:15:03,642,NAS100,buy,in,0.01,23 107.1,642,0.00,0.00,0.00, 997.78,TP_Integrated 3_0,
2025.07.21 16:00:00,643,NAS100,sell,out,0.01,23 093.4,643,0.00,0.00,- 0.14, 997.64,,
2025.07.21 16:00:00,644,NAS100,sell,in,0.01,23 093.4,644,0.00,0.00,0.00, 997.64,TP_Integrated 3_0,
2025.07.21 16:45:00,645,NAS100,buy,out,0.01,23 197.8,645,0.00,0.00,- 1.04, 996.60,,
2025.07.21 16:45:00,646,NAS100,buy,in,0.01,23 198.3,646,0.00,0.00,0.00, 996.60,TP_Integrated 3_0,
2025.07.22 06:30:00,647,NAS100,sell,out,0.01,23 191.7,647,0.00,- 0.04,- 0.07, 996.49,,
2025.07.22 06:30:00,648,NAS100,sell,in,0.01,23 191.7,648,0.00,0.00,0.00, 996.49,TP_Integrated 3_0,
2025.07.22 15:45:00,649,NAS100,buy,out,0.01,23 190.6,649,0.00,0.00, 0.01, 996.50,,
2025.07.22 15:45:00,650,NAS100,buy,in,0.01,23 190.6,650,0.00,0.00,0.00, 996.50,TP_Integrated 3_0,
2025.07.22 17:00:00,651,NAS100,sell,out,0.01,22 991.0,651,0.00,0.00,- 2.00, 994.50,,
2025.07.22 17:00:00,652,NAS100,sell,in,0.01,22 994.8,652,0.00,0.00,0.00, 994.50,TP_Integrated 3_0,
2025.07.23 06:00:01,653,NAS100,buy,out,0.01,23 111.2,653,0.00, 0.02,- 1.16, 993.36,,
2025.07.23 06:00:01,654,NAS100,buy,in,0.01,23 111.2,654,0.00,0.00,0.00, 993.36,TP_Integrated 3_0,
2025.07.23 16:00:00,655,NAS100,sell,out,0.01,23 096.3,655,0.00,0.00,- 0.15, 993.21,,
2025.07.23 16:00:00,656,NAS100,sell,in,0.01,23 096.3,656,0.00,0.00,0.00, 993.21,TP_Integrated 3_0,
2025.07.23 21:00:00,657,NAS100,buy,out,0.01,23 131.8,657,0.00,0.00,- 0.36, 992.85,,
2025.07.23 21:00:00,658,NAS100,buy,in,0.01,23 132.3,658,0.00,0.00,0.00, 992.85,TP_Integrated 3_0,
2025.07.24 16:15:00,659,NAS100,sell,out,0.01,23 218.1,659,0.00,- 0.04, 0.86, 993.67,,
2025.07.24 16:15:00,660,NAS100,sell,in,0.01,23 218.1,660,0.00,0.00,0.00, 993.67,TP_Integrated 3_0,
2025.07.24 18:45:00,661,NAS100,buy,out,0.01,23 247.0,661,0.00,0.00,- 0.29, 993.38,,
2025.07.24 18:45:00,662,NAS100,buy,in,0.01,23 247.0,662,0.00,0.00,0.00, 993.38,TP_Integrated 3_0,
2025.07.24 19:30:00,663,NAS100,sell,out,0.01,23 220.1,663,0.00,0.00,- 0.27, 993.11,,
2025.07.24 19:30:00,664,NAS100,sell,in,0.01,23 219.6,664,0.00,0.00,0.00, 993.11,TP_Integrated 3_0,
2025.07.24 20:00:00,665,NAS100,buy,out,0.01,23 238.3,665,0.00,0.00,- 0.19, 992.92,,
2025.07.24 20:00:00,666,NAS100,buy,in,0.01,23 238.3,666,0.00,0.00,0.00, 992.92,TP_Integrated 3_0,
2025.07.25 10:15:00,667,NAS100,sell,out,0.01,23 248.6,667,0.00,- 0.04, 0.10, 992.98,,
2025.07.25 10:15:01,668,NAS100,sell,in,0.01,23 248.6,668,0.00,0.00,0.00, 992.98,TP_Integrated 3_0,
2025.07.25 18:00:00,669,NAS100,buy,out,0.01,23 275.8,669,0.00,0.00,- 0.27, 992.71,,
2025.07.25 18:00:00,670,NAS100,buy,in,0.01,23 275.8,670,0.00,0.00,0.00, 992.71,TP_Integrated 3_0,
2025.07.28 14:00:00,671,NAS100,sell,out,0.01,23 372.6,671,0.00,- 0.13, 0.97, 993.55,,
2025.07.28 14:00:00,672,NAS100,sell,in,0.01,23 370.6,672,0.00,0.00,0.00, 993.55,TP_Integrated 3_0,
2025.07.29 01:15:00,673,NAS100,buy,out,0.01,23 405.5,673,0.00, 0.02,- 0.35, 993.22,,
2025.07.29 01:15:00,674,NAS100,buy,in,0.01,23 404.6,674,0.00,0.00,0.00, 993.22,TP_Integrated 3_0,
2025.07.29 18:00:00,675,NAS100,sell,out,0.01,23 402.5,675,0.00,0.00,- 0.02, 993.20,,
2025.07.29 18:00:00,676,NAS100,sell,in,0.01,23 403.3,676,0.00,0.00,0.00, 993.20,TP_Integrated 3_0,
2025.07.30 07:15:02,677,NAS100,buy,out,0.01,23 386.6,677,0.00, 0.02, 0.17, 993.39,,
2025.07.30 07:15:03,678,NAS100,buy,in,0.01,23 386.6,678,0.00,0.00,0.00, 993.39,TP_Integrated 3_0,
2025.07.30 11:30:00,679,NAS100,sell,out,0.01,23 359.7,679,0.00,0.00,- 0.27, 993.12,,
2025.07.30 11:30:01,680,NAS100,sell,in,0.01,23 359.7,680,0.00,0.00,0.00, 993.12,TP_Integrated 3_0,
2025.07.30 14:00:00,681,NAS100,buy,out,0.01,23 388.9,681,0.00,0.00,- 0.29, 992.83,,
2025.07.30 14:00:00,682,NAS100,buy,in,0.01,23 388.4,682,0.00,0.00,0.00, 992.83,TP_Integrated 3_0,
2025.07.30 16:15:00,683,NAS100,sell,out,0.01,23 363.4,683,0.00,0.00,- 0.25, 992.58,,
2025.07.30 16:15:01,684,NAS100,sell,in,0.01,23 363.4,684,0.00,0.00,0.00, 992.58,TP_Integrated 3_0,
2025.07.30 16:45:00,685,NAS100,buy,out,0.01,23 391.1,685,0.00,0.00,- 0.28, 992.30,,
2025.07.30 16:45:00,686,NAS100,buy,in,0.01,23 391.1,686,0.00,0.00,0.00, 992.30,TP_Integrated 3_0,
2025.07.30 17:00:00,687,NAS100,sell,out,0.01,23 359.9,687,0.00,0.00,- 0.31, 991.99,,
2025.07.30 17:00:00,688,NAS100,sell,in,0.01,23 358.2,688,0.00,0.00,0.00, 991.99,TP_Integrated 3_0,
2025.07.30 17:45:00,689,NAS100,buy,out,0.01,23 402.9,689,0.00,0.00,- 0.45, 991.54,,
2025.07.30 17:45:00,690,NAS100,buy,in,0.01,23 402.9,690,0.00,0.00,0.00, 991.54,TP_Integrated 3_0,
2025.07.30 22:15:00,691,NAS100,sell,out,0.01,23 322.6,691,0.00,0.00,- 0.80, 990.74,,
2025.07.30 22:15:01,692,NAS100,sell,in,0.01,23 323.3,692,0.00,0.00,0.00, 990.74,TP_Integrated 3_0,
2025.07.30 23:15:00,693,NAS100,buy,out,0.01,23 551.4,693,0.00,0.00,- 2.28, 988.46,,
2025.07.30 23:15:00,694,NAS100,buy,in,0.01,23 553.1,694,0.00,0.00,0.00, 988.46,TP_Integrated 3_0,
2025.07.31 16:45:00,695,NAS100,sell,out,0.01,23 520.4,695,0.00,- 0.04,- 0.33, 988.09,,
2025.07.31 16:45:00,696,NAS100,sell,in,0.01,23 519.2,696,0.00,0.00,0.00, 988.09,TP_Integrated 3_0,
2025.08.04 06:15:01,697,NAS100,buy,out,0.01,22 875.0,697,0.00, 0.07, 6.44, 994.60,,
2025.08.04 06:15:01,698,NAS100,buy,in,0.01,22 875.0,698,0.00,0.00,0.00, 994.60,TP_Integrated 3_0,
2025.08.05 17:45:00,699,NAS100,sell,out,0.01,23 086.2,699,0.00,- 0.04, 2.11, 996.67,,
2025.08.05 17:45:00,700,NAS100,sell,in,0.01,23 085.5,700,0.00,0.00,0.00, 996.67,TP_Integrated 3_0,
2025.08.06 08:30:00,701,NAS100,buy,out,0.01,23 076.6,701,0.00, 0.02, 0.09, 996.78,,
2025.08.06 08:30:00,702,NAS100,buy,in,0.01,23 076.6,702,0.00,0.00,0.00, 996.78,TP_Integrated 3_0,
2025.08.06 13:00:00,703,NAS100,sell,out,0.01,23 047.4,703,0.00,0.00,- 0.29, 996.49,,
2025.08.06 13:00:00,704,NAS100,sell,in,0.01,23 046.9,704,0.00,0.00,0.00, 996.49,TP_Integrated 3_0,
2025.08.06 16:15:00,705,NAS100,buy,out,0.01,23 093.6,705,0.00,0.00,- 0.47, 996.02,,
2025.08.06 16:15:00,706,NAS100,buy,in,0.01,23 093.1,706,0.00,0.00,0.00, 996.02,TP_Integrated 3_0,
2025.08.07 19:15:00,707,NAS100,sell,out,0.01,23 405.3,707,0.00,- 0.04, 3.12, 999.10,,
2025.08.07 19:15:00,708,NAS100,sell,in,0.01,23 405.8,708,0.00,0.00,0.00, 999.10,TP_Integrated 3_0,
2025.08.08 01:30:01,709,NAS100,buy,out,0.01,23 471.1,709,0.00, 0.02,- 0.65, 998.47,,
2025.08.08 01:30:01,710,NAS100,buy,in,0.01,23 471.1,710,0.00,0.00,0.00, 998.47,TP_Integrated 3_0,
2025.08.08 16:30:00,711,NAS100,sell,out,0.01,23 451.1,711,0.00,0.00,- 0.20, 998.27,,
2025.08.08 16:30:00,712,NAS100,sell,in,0.01,23 450.1,712,0.00,0.00,0.00, 998.27,TP_Integrated 3_0,
2025.08.08 16:45:00,713,NAS100,buy,out,0.01,23 513.6,713,0.00,0.00,- 0.64, 997.63,,
2025.08.08 16:45:00,714,NAS100,buy,in,0.01,23 514.1,714,0.00,0.00,0.00, 997.63,TP_Integrated 3_0,
2025.08.11 11:30:00,715,NAS100,sell,out,0.01,23 600.7,715,0.00,- 0.13, 0.87, 998.37,,
2025.08.11 11:30:00,716,NAS100,sell,in,0.01,23 600.7,716,0.00,0.00,0.00, 998.37,TP_Integrated 3_0,
2025.08.11 13:30:00,717,NAS100,buy,out,0.01,23 653.0,717,0.00,0.00,- 0.52, 997.85,,
2025.08.11 13:30:01,718,NAS100,buy,in,0.01,23 653.3,718,0.00,0.00,0.00, 997.85,TP_Integrated 3_0,
2025.08.11 21:00:00,719,NAS100,sell,out,0.01,23 611.4,719,0.00,0.00,- 0.42, 997.43,,
2025.08.11 21:00:00,720,NAS100,sell,in,0.01,23 612.6,720,0.00,0.00,0.00, 997.43,TP_Integrated 3_0,
2025.08.12 15:45:00,721,NAS100,buy,out,0.01,23 704.8,721,0.00, 0.02,- 0.92, 996.53,,
2025.08.12 15:45:00,722,NAS100,buy,in,0.01,23 706.1,722,0.00,0.00,0.00, 996.53,TP_Integrated 3_0,
2025.08.13 18:30:00,723,NAS100,sell,out,0.01,23 844.5,723,0.00,- 0.04, 1.38, 997.87,,
2025.08.13 18:30:00,724,NAS100,sell,in,0.01,23 844.0,724,0.00,0.00,0.00, 997.87,TP_Integrated 3_0,
2025.08.14 03:15:01,725,NAS100,buy,out,0.01,23 879.3,725,0.00, 0.02,- 0.35, 997.54,,
2025.08.14 03:15:01,726,NAS100,buy,in,0.01,23 876.8,726,0.00,0.00,0.00, 997.54,TP_Integrated 3_0,
2025.08.14 03:45:00,727,NAS100,sell,out,0.01,23 852.6,727,0.00,0.00,- 0.24, 997.30,,
2025.08.14 03:45:00,728,NAS100,sell,in,0.01,23 852.3,728,0.00,0.00,0.00, 997.30,TP_Integrated 3_0,
2025.08.14 14:30:00,729,NAS100,buy,out,0.01,23 866.8,729,0.00,0.00,- 0.15, 997.15,,
2025.08.14 14:30:01,730,NAS100,buy,in,0.01,23 867.0,730,0.00,0.00,0.00, 997.15,TP_Integrated 3_0,
2025.08.14 15:45:00,731,NAS100,sell,out,0.01,23 763.6,731,0.00,0.00,- 1.03, 996.12,,
2025.08.14 15:45:00,732,NAS100,sell,in,0.01,23 763.8,732,0.00,0.00,0.00, 996.12,TP_Integrated 3_0,
2025.08.14 17:45:00,733,NAS100,buy,out,0.01,23 901.1,733,0.00,0.00,- 1.37, 994.75,,
2025.08.14 17:45:01,734,NAS100,buy,in,0.01,23 900.6,734,0.00,0.00,0.00, 994.75,TP_Integrated 3_0,
2025.08.14 18:30:00,735,NAS100,sell,out,0.01,23 803.6,735,0.00,0.00,- 0.97, 993.78,,
2025.08.14 18:30:00,736,NAS100,sell,in,0.01,23 802.1,736,0.00,0.00,0.00, 993.78,TP_Integrated 3_0,
2025.08.14 20:30:00,737,NAS100,buy,out,0.01,23 894.8,737,0.00,0.00,- 0.93, 992.85,,
2025.08.14 20:30:00,738,NAS100,buy,in,0.01,23 895.0,738,0.00,0.00,0.00, 992.85,TP_Integrated 3_0,
2025.08.14 23:15:00,739,NAS100,sell,out,0.01,23 787.4,739,0.00,0.00,- 1.08, 991.77,,
2025.08.14 23:15:00,740,NAS100,sell,in,0.01,23 787.4,740,0.00,0.00,0.00, 991.77,TP_Integrated 3_0,
2025.08.15 06:15:00,741,NAS100,buy,out,0.01,23 836.6,741,0.00, 0.02,- 0.49, 991.30,,
2025.08.15 06:15:00,742,NAS100,buy,in,0.01,23 836.6,742,0.00,0.00,0.00, 991.30,TP_Integrated 3_0,
2025.08.15 12:15:00,743,NAS100,sell,out,0.01,23 812.9,743,0.00,0.00,- 0.24, 991.06,,
2025.08.15 12:15:01,744,NAS100,sell,in,0.01,23 812.9,744,0.00,0.00,0.00, 991.06,TP_Integrated 3_0,
2025.08.18 03:00:00,745,NAS100,buy,out,0.01,23 781.4,745,0.00, 0.05, 0.32, 991.43,,
2025.08.18 03:00:00,746,NAS100,buy,in,0.01,23 780.1,746,0.00,0.00,0.00, 991.43,TP_Integrated 3_0,
2025.08.18 09:15:02,747,NAS100,sell,out,0.01,23 753.4,747,0.00,0.00,- 0.27, 991.16,,
2025.08.18 09:15:03,748,NAS100,sell,in,0.01,23 750.9,748,0.00,0.00,0.00, 991.16,TP_Integrated 3_0,
2025.08.18 22:45:00,749,NAS100,buy,out,0.01,23 724.1,749,0.00,0.00, 0.27, 991.43,,
2025.08.18 22:45:00,750,NAS100,buy,in,0.01,23 724.1,750,0.00,0.00,0.00, 991.43,TP_Integrated 3_0,
2025.08.19 04:45:00,751,NAS100,sell,out,0.01,23 707.2,751,0.00,- 0.04,- 0.17, 991.22,,
2025.08.19 04:45:00,752,NAS100,sell,in,0.01,23 707.2,752,0.00,0.00,0.00, 991.22,TP_Integrated 3_0,
2025.08.19 12:15:00,753,NAS100,buy,out,0.01,23 721.9,753,0.00,0.00,- 0.15, 991.07,,
2025.08.19 12:15:01,754,NAS100,buy,in,0.01,23 721.9,754,0.00,0.00,0.00, 991.07,TP_Integrated 3_0,
2025.08.19 14:45:00,755,NAS100,sell,out,0.01,23 691.2,755,0.00,0.00,- 0.31, 990.76,,
2025.08.19 14:45:01,756,NAS100,sell,in,0.01,23 691.2,756,0.00,0.00,0.00, 990.76,TP_Integrated 3_0,
2025.08.19 15:00:00,757,NAS100,buy,out,0.01,23 708.1,757,0.00,0.00,- 0.17, 990.59,,
2025.08.19 15:00:00,758,NAS100,buy,in,0.01,23 708.4,758,0.00,0.00,0.00, 990.59,TP_Integrated 3_0,
2025.08.19 15:15:00,759,NAS100,sell,out,0.01,23 694.2,759,0.00,0.00,- 0.14, 990.45,,
2025.08.19 15:15:00,760,NAS100,sell,in,0.01,23 694.2,760,0.00,0.00,0.00, 990.45,TP_Integrated 3_0,
2025.08.19 15:30:01,761,NAS100,buy,out,0.01,23 712.9,761,0.00,0.00,- 0.19, 990.26,,
2025.08.19 15:30:01,762,NAS100,buy,in,0.01,23 713.1,762,0.00,0.00,0.00, 990.26,TP_Integrated 3_0,
2025.08.19 16:00:00,763,NAS100,sell,out,0.01,23 675.7,763,0.00,0.00,- 0.37, 989.89,,
2025.08.19 16:00:00,764,NAS100,sell,in,0.01,23 674.9,764,0.00,0.00,0.00, 989.89,TP_Integrated 3_0,
2025.08.20 14:15:01,765,NAS100,buy,out,0.01,23 381.3,765,0.00, 0.02, 2.94, 992.85,,
2025.08.20 14:15:02,766,NAS100,buy,in,0.01,23 381.3,766,0.00,0.00,0.00, 992.85,TP_Integrated 3_0,
2025.08.20 14:45:00,767,NAS100,sell,out,0.01,23 335.9,767,0.00,0.00,- 0.45, 992.40,,
2025.08.20 14:45:00,768,NAS100,sell,in,0.01,23 335.9,768,0.00,0.00,0.00, 992.40,TP_Integrated 3_0,
2025.08.21 01:15:00,769,NAS100,buy,out,0.01,23 264.4,769,0.00, 0.02, 0.72, 993.14,,
2025.08.21 01:15:01,770,NAS100,buy,in,0.01,23 264.4,770,0.00,0.00,0.00, 993.14,TP_Integrated 3_0,
2025.08.21 03:45:00,771,NAS100,sell,out,0.01,23 239.9,771,0.00,0.00,- 0.25, 992.89,,
2025.08.21 03:45:00,772,NAS100,sell,in,0.01,23 239.9,772,0.00,0.00,0.00, 992.89,TP_Integrated 3_0,
2025.08.21 05:00:00,773,NAS100,buy,out,0.01,23 291.8,773,0.00,0.00,- 0.52, 992.37,,
2025.08.21 05:00:00,774,NAS100,buy,in,0.01,23 293.1,774,0.00,0.00,0.00, 992.37,TP_Integrated 3_0,
2025.08.21 12:15:00,775,NAS100,sell,out,0.01,23 238.9,775,0.00,0.00,- 0.54, 991.83,,
2025.08.21 12:15:01,776,NAS100,sell,in,0.01,23 238.9,776,0.00,0.00,0.00, 991.83,TP_Integrated 3_0,
2025.08.22 12:00:00,777,NAS100,buy,out,0.01,23 193.9,777,0.00, 0.02, 0.45, 992.30,,
2025.08.22 12:00:00,778,NAS100,buy,in,0.01,23 193.9,778,0.00,0.00,0.00, 992.30,TP_Integrated 3_0,
2025.08.25 12:00:00,779,NAS100,sell,out,0.01,23 447.2,779,0.00,- 0.13, 2.53, 994.70,,
2025.08.25 12:00:01,780,NAS100,sell,in,0.01,23 447.5,780,0.00,0.00,0.00, 994.70,TP_Integrated 3_0,
2025.08.25 17:45:00,781,NAS100,buy,out,0.01,23 478.9,781,0.00,0.00,- 0.31, 994.39,,
2025.08.25 17:45:00,782,NAS100,buy,in,0.01,23 479.7,782,0.00,0.00,0.00, 994.39,TP_Integrated 3_0,
2025.08.25 23:30:00,783,NAS100,sell,out,0.01,23 454.2,783,0.00,0.00,- 0.26, 994.13,,
2025.08.25 23:30:01,784,NAS100,sell,in,0.01,23 454.2,784,0.00,0.00,0.00, 994.13,TP_Integrated 3_0,
2025.08.26 13:30:00,785,NAS100,buy,out,0.01,23 447.6,785,0.00, 0.02, 0.07, 994.22,,
2025.08.26 13:30:01,786,NAS100,buy,in,0.01,23 447.6,786,0.00,0.00,0.00, 994.22,TP_Integrated 3_0,
2025.08.26 15:15:01,787,NAS100,sell,out,0.01,23 394.7,787,0.00,0.00,- 0.53, 993.69,,
2025.08.26 15:15:01,788,NAS100,sell,in,0.01,23 394.9,788,0.00,0.00,0.00, 993.69,TP_Integrated 3_0,
2025.08.26 16:15:00,789,NAS100,buy,out,0.01,23 427.1,789,0.00,0.00,- 0.32, 993.37,,
2025.08.26 16:15:00,790,NAS100,buy,in,0.01,23 427.1,790,0.00,0.00,0.00, 993.37,TP_Integrated 3_0,
2025.08.27 16:15:00,791,NAS100,sell,out,0.01,23 516.0,791,0.00,- 0.04, 0.89, 994.22,,
2025.08.27 16:15:00,792,NAS100,sell,in,0.01,23 514.5,792,0.00,0.00,0.00, 994.22,TP_Integrated 3_0,
2025.08.27 18:45:00,793,NAS100,buy,out,0.01,23 554.2,793,0.00,0.00,- 0.40, 993.82,,
2025.08.27 18:45:00,794,NAS100,buy,in,0.01,23 554.2,794,0.00,0.00,0.00, 993.82,TP_Integrated 3_0,
2025.08.27 19:45:00,795,NAS100,sell,out,0.01,23 523.2,795,0.00,0.00,- 0.31, 993.51,,
2025.08.27 19:45:01,796,NAS100,sell,in,0.01,23 523.2,796,0.00,0.00,0.00, 993.51,TP_Integrated 3_0,
2025.08.27 20:00:00,797,NAS100,buy,out,0.01,23 553.7,797,0.00,0.00,- 0.31, 993.20,,
2025.08.27 20:00:01,798,NAS100,buy,in,0.01,23 553.9,798,0.00,0.00,0.00, 993.20,TP_Integrated 3_0,
2025.08.27 23:45:00,799,NAS100,sell,out,0.01,23 479.2,799,0.00,0.00,- 0.75, 992.45,,
2025.08.27 23:45:00,800,NAS100,sell,in,0.01,23 477.7,800,0.00,0.00,0.00, 992.45,TP_Integrated 3_0,
2025.08.28 07:00:00,801,NAS100,buy,out,0.01,23 533.0,801,0.00, 0.02,- 0.55, 991.92,,
2025.08.28 07:00:00,802,NAS100,buy,in,0.01,23 533.0,802,0.00,0.00,0.00, 991.92,TP_Integrated 3_0,
2025.08.28 09:00:00,803,NAS100,sell,out,0.01,23 496.5,803,0.00,0.00,- 0.37, 991.55,,
2025.08.28 09:00:01,804,NAS100,sell,in,0.01,23 496.5,804,0.00,0.00,0.00, 991.55,TP_Integrated 3_0,
2025.08.28 09:30:00,805,NAS100,buy,out,0.01,23 535.1,805,0.00,0.00,- 0.39, 991.16,,
2025.08.28 09:30:00,806,NAS100,buy,in,0.01,23 536.4,806,0.00,0.00,0.00, 991.16,TP_Integrated 3_0,
2025.08.29 10:45:01,807,NAS100,sell,out,0.01,23 662.9,807,0.00,- 0.04, 1.27, 992.39,,
2025.08.29 10:45:01,808,NAS100,sell,in,0.01,23 662.9,808,0.00,0.00,0.00, 992.39,TP_Integrated 3_0,
2025.09.01 03:30:00,809,NAS100,buy,out,0.01,23 504.2,809,0.00, 0.05, 1.59, 994.03,,
2025.09.01 03:30:00,810,NAS100,buy,in,0.01,23 504.2,810,0.00,0.00,0.00, 994.03,TP_Integrated 3_0,
2025.09.01 05:15:00,811,NAS100,sell,out,0.01,23 449.2,811,0.00,0.00,- 0.55, 993.48,,
2025.09.01 05:15:00,812,NAS100,sell,in,0.01,23 449.5,812,0.00,0.00,0.00, 993.48,TP_Integrated 3_0,
2025.09.01 13:00:00,813,NAS100,buy,out,0.01,23 451.2,813,0.00,0.00,- 0.02, 993.46,,
2025.09.01 13:00:00,814,NAS100,buy,in,0.01,23 450.4,814,0.00,0.00,0.00, 993.46,TP_Integrated 3_0,
2025.09.01 14:45:00,815,NAS100,sell,out,0.01,23 423.5,815,0.00,0.00,- 0.27, 993.19,,
2025.09.01 14:45:01,816,NAS100,sell,in,0.01,23 424.0,816,0.00,0.00,0.00, 993.19,TP_Integrated 3_0,
2025.09.01 17:00:00,817,NAS100,buy,out,0.01,23 455.4,817,0.00,0.00,- 0.31, 992.88,,
2025.09.01 17:00:00,818,NAS100,buy,in,0.01,23 456.7,818,0.00,0.00,0.00, 992.88,TP_Integrated 3_0,
2025.09.02 02:15:00,819,NAS100,sell,out,0.01,23 421.3,819,0.00,- 0.04,- 0.35, 992.49,,
2025.09.02 02:15:01,820,NAS100,sell,in,0.01,23 421.3,820,0.00,0.00,0.00, 992.49,TP_Integrated 3_0,
2025.09.02 23:15:00,821,NAS100,buy,out,0.01,23 324.2,821,0.00,0.00, 0.97, 993.46,,
2025.09.02 23:15:00,822,NAS100,buy,in,0.01,23 324.5,822,0.00,0.00,0.00, 993.46,TP_Integrated 3_0,
2025.09.03 21:15:00,823,NAS100,sell,out,0.01,23 325.0,823,0.00,- 0.04, 0.01, 993.43,,
2025.09.03 21:15:00,824,NAS100,sell,in,0.01,23 325.8,824,0.00,0.00,0.00, 993.43,TP_Integrated 3_0,
2025.09.03 23:15:00,825,NAS100,buy,out,0.01,23 424.8,825,0.00,0.00,- 0.99, 992.44,,
2025.09.03 23:15:00,826,NAS100,buy,in,0.01,23 424.8,826,0.00,0.00,0.00, 992.44,TP_Integrated 3_0,
2025.09.04 17:15:00,827,NAS100,sell,out,0.01,23 408.5,827,0.00,- 0.04,- 0.16, 992.24,,
2025.09.04 17:15:00,828,NAS100,sell,in,0.01,23 409.2,828,0.00,0.00,0.00, 992.24,TP_Integrated 3_0,
2025.09.04 17:45:00,829,NAS100,buy,out,0.01,23 477.2,829,0.00,0.00,- 0.68, 991.56,,
2025.09.04 17:45:00,830,NAS100,buy,in,0.01,23 476.4,830,0.00,0.00,0.00, 991.56,TP_Integrated 3_0,
2025.09.05 18:00:00,831,NAS100,sell,out,0.01,23 522.9,831,0.00,- 0.04, 0.47, 991.99,,
2025.09.05 18:00:00,832,NAS100,sell,in,0.01,23 523.9,832,0.00,0.00,0.00, 991.99,TP_Integrated 3_0,
2025.09.08 02:00:00,833,NAS100,buy,out,0.01,23 724.2,833,0.00, 0.05,- 2.00, 990.04,,
2025.09.08 02:00:00,834,NAS100,buy,in,0.01,23 725.7,834,0.00,0.00,0.00, 990.04,TP_Integrated 3_0,
2025.09.08 22:30:00,835,NAS100,sell,out,0.01,23 752.5,835,0.00,0.00, 0.27, 990.31,,
2025.09.08 22:30:00,836,NAS100,sell,in,0.01,23 753.5,836,0.00,0.00,0.00, 990.31,TP_Integrated 3_0,
2025.09.08 22:45:00,837,NAS100,buy,out,0.01,23 786.4,837,0.00,0.00,- 0.33, 989.98,,
2025.09.08 22:45:00,838,NAS100,buy,in,0.01,23 786.2,838,0.00,0.00,0.00, 989.98,TP_Integrated 3_0,
2025.09.09 17:30:00,839,NAS100,sell,out,0.01,23 798.3,839,0.00,- 0.04, 0.12, 990.06,,
2025.09.09 17:30:00,840,NAS100,sell,in,0.01,23 798.3,840,0.00,0.00,0.00, 990.06,TP_Integrated 3_0,
2025.09.09 21:15:00,841,NAS100,buy,out,0.01,23 830.5,841,0.00,0.00,- 0.32, 989.74,,
2025.09.09 21:15:00,842,NAS100,buy,in,0.01,23 830.5,842,0.00,0.00,0.00, 989.74,TP_Integrated 3_0,
2025.09.10 20:30:00,843,NAS100,sell,out,0.01,23 876.0,843,0.00,- 0.04, 0.46, 990.16,,
2025.09.10 20:30:00,844,NAS100,sell,in,0.01,23 876.0,844,0.00,0.00,0.00, 990.16,TP_Integrated 3_0,
2025.09.11 04:30:00,845,NAS100,buy,out,0.01,23 910.5,845,0.00, 0.02,- 0.35, 989.83,,
2025.09.11 04:30:00,846,NAS100,buy,in,0.01,23 909.3,846,0.00,0.00,0.00, 989.83,TP_Integrated 3_0,
2025.09.11 08:00:00,847,NAS100,sell,out,0.01,23 875.1,847,0.00,0.00,- 0.34, 989.49,,
2025.09.11 08:00:00,848,NAS100,sell,in,0.01,23 875.6,848,0.00,0.00,0.00, 989.49,TP_Integrated 3_0,
2025.09.11 10:00:00,849,NAS100,buy,out,0.01,23 915.5,849,0.00,0.00,- 0.40, 989.09,,
2025.09.11 10:00:00,850,NAS100,buy,in,0.01,23 914.3,850,0.00,0.00,0.00, 989.09,TP_Integrated 3_0,
2025.09.12 11:45:00,851,NAS100,sell,out,0.01,23 997.8,851,0.00,- 0.04, 0.84, 989.89,,
2025.09.12 11:45:00,852,NAS100,sell,in,0.01,23 997.8,852,0.00,0.00,0.00, 989.89,TP_Integrated 3_0,
2025.09.12 13:15:01,853,NAS100,buy,out,0.01,24 016.2,853,0.00,0.00,- 0.18, 989.71,,
2025.09.12 13:15:01,854,NAS100,buy,in,0.01,24 016.2,854,0.00,0.00,0.00, 989.71,TP_Integrated 3_0,
2025.09.15 12:30:02,855,NAS100,sell,out,0.01,24 104.1,855,0.00,- 0.13, 0.88, 990.46,,
2025.09.15 12:30:02,856,NAS100,sell,in,0.01,24 104.1,856,0.00,0.00,0.00, 990.46,TP_Integrated 3_0,
2025.09.15 14:00:00,857,NAS100,buy,out,0.01,24 147.3,857,0.00,0.00,- 0.43, 990.03,,
2025.09.15 14:00:00,858,NAS100,buy,in,0.01,24 147.3,858,0.00,0.00,0.00, 990.03,TP_Integrated 3_0,
2025.09.16 17:00:00,859,NAS100,sell,out,0.01,24 313.0,859,0.00,- 0.04, 1.66, 991.65,,
2025.09.16 17:00:00,860,NAS100,sell,in,0.01,24 311.8,860,0.00,0.00,0.00, 991.65,TP_Integrated 3_0,
2025.09.17 11:00:00,861,NAS100,buy,out,0.01,24 326.5,861,0.00, 0.02,- 0.15, 991.52,,
2025.09.17 11:00:00,862,NAS100,buy,in,0.01,24 325.5,862,0.00,0.00,0.00, 991.52,TP_Integrated 3_0,
2025.09.17 11:45:00,863,NAS100,sell,out,0.01,24 261.0,863,0.00,0.00,- 0.65, 990.87,,
2025.09.17 11:45:00,864,NAS100,sell,in,0.01,24 261.0,864,0.00,0.00,0.00, 990.87,TP_Integrated 3_0,
2025.09.17 23:45:01,865,NAS100,buy,out,0.01,24 275.6,865,0.00,0.00,- 0.15, 990.72,,
2025.09.17 23:45:01,866,NAS100,buy,in,0.01,24 275.6,866,0.00,0.00,0.00, 990.72,TP_Integrated 3_0,
2025.09.19 05:15:00,867,NAS100,sell,out,0.01,24 484.8,867,0.00,- 0.08, 2.09, 992.73,,
2025.09.19 05:15:00,868,NAS100,sell,in,0.01,24 483.8,868,0.00,0.00,0.00, 992.73,TP_Integrated 3_0,
2025.09.19 06:30:00,869,NAS100,buy,out,0.01,24 517.7,869,0.00,0.00,- 0.34, 992.39,,
2025.09.19 06:30:00,870,NAS100,buy,in,0.01,24 517.7,870,0.00,0.00,0.00, 992.39,TP_Integrated 3_0,
2025.09.19 07:15:00,871,NAS100,sell,out,0.01,24 468.8,871,0.00,0.00,- 0.49, 991.90,,
2025.09.19 07:15:00,872,NAS100,sell,in,0.01,24 468.8,872,0.00,0.00,0.00, 991.90,TP_Integrated 3_0,
2025.09.19 13:15:00,873,NAS100,buy,out,0.01,24 495.7,873,0.00,0.00,- 0.27, 991.63,,
2025.09.19 13:15:00,874,NAS100,buy,in,0.01,24 495.7,874,0.00,0.00,0.00, 991.63,TP_Integrated 3_0,
2025.09.22 10:30:00,875,NAS100,sell,out,0.01,24 543.7,875,0.00,- 0.13, 0.48, 991.98,,
2025.09.22 10:30:00,876,NAS100,sell,in,0.01,24 543.2,876,0.00,0.00,0.00, 991.98,TP_Integrated 3_0,
2025.09.22 17:00:00,877,NAS100,buy,out,0.01,24 661.6,877,0.00,0.00,- 1.18, 990.80,,
2025.09.22 17:00:00,878,NAS100,buy,in,0.01,24 664.6,878,0.00,0.00,0.00, 990.80,TP_Integrated 3_0,
2025.09.23 16:45:00,879,NAS100,sell,out,0.01,24 739.0,879,0.00,- 0.04, 0.74, 991.50,,
2025.09.23 16:45:00,880,NAS100,sell,in,0.01,24 736.1,880,0.00,0.00,0.00, 991.50,TP_Integrated 3_0,
2025.09.24 10:00:00,881,NAS100,buy,out,0.01,24 675.7,881,0.00, 0.02, 0.60, 992.12,,
2025.09.24 10:00:00,882,NAS100,buy,in,0.01,24 674.9,882,0.00,0.00,0.00, 992.12,TP_Integrated 3_0,
2025.09.24 10:30:00,883,NAS100,sell,out,0.01,24 636.2,883,0.00,0.00,- 0.39, 991.73,,
2025.09.24 10:30:00,884,NAS100,sell,in,0.01,24 636.7,884,0.00,0.00,0.00, 991.73,TP_Integrated 3_0,
2025.09.24 10:45:00,885,NAS100,buy,out,0.01,24 663.2,885,0.00,0.00,- 0.27, 991.46,,
2025.09.24 10:45:01,886,NAS100,buy,in,0.01,24 663.2,886,0.00,0.00,0.00, 991.46,TP_Integrated 3_0,
2025.09.24 16:45:00,887,NAS100,sell,out,0.01,24 625.0,887,0.00,0.00,- 0.38, 991.08,,
2025.09.24 16:45:00,888,NAS100,sell,in,0.01,24 625.0,888,0.00,0.00,0.00, 991.08,TP_Integrated 3_0,
2025.09.25 05:00:00,889,NAS100,buy,out,0.01,24 580.3,889,0.00, 0.02, 0.45, 991.55,,
2025.09.25 05:00:01,890,NAS100,buy,in,0.01,24 580.3,890,0.00,0.00,0.00, 991.55,TP_Integrated 3_0,
2025.09.25 08:15:00,891,NAS100,sell,out,0.01,24 538.2,891,0.00,0.00,- 0.42, 991.13,,
2025.09.25 08:15:00,892,NAS100,sell,in,0.01,24 538.2,892,0.00,0.00,0.00, 991.13,TP_Integrated 3_0,
2025.09.26 01:45:00,893,NAS100,buy,out,0.01,24 460.3,893,0.00, 0.02, 0.78, 991.93,,
2025.09.26 01:45:00,894,NAS100,buy,in,0.01,24 460.3,894,0.00,0.00,0.00, 991.93,TP_Integrated 3_0,
2025.09.26 02:45:01,895,NAS100,sell,out,0.01,24 428.4,895,0.00,0.00,- 0.32, 991.61,,
2025.09.26 02:45:02,896,NAS100,sell,in,0.01,24 428.4,896,0.00,0.00,0.00, 991.61,TP_Integrated 3_0,
2025.09.26 09:30:00,897,NAS100,buy,out,0.01,24 463.2,897,0.00,0.00,- 0.35, 991.26,,
2025.09.26 09:30:00,898,NAS100,buy,in,0.01,24 462.9,898,0.00,0.00,0.00, 991.26,TP_Integrated 3_0,
2025.09.26 12:30:00,899,NAS100,sell,out,0.01,24 385.9,899,0.00,0.00,- 0.77, 990.49,,
2025.09.26 12:30:01,900,NAS100,sell,in,0.01,24 386.1,900,0.00,0.00,0.00, 990.49,TP_Integrated 3_0,
2025.09.26 15:30:02,901,NAS100,buy,out,0.01,24 449.7,901,0.00,0.00,- 0.64, 989.85,,
2025.09.26 15:30:02,902,NAS100,buy,in,0.01,24 449.7,902,0.00,0.00,0.00, 989.85,TP_Integrated 3_0,
2025.09.26 18:00:00,903,NAS100,sell,out,0.01,24 362.9,903,0.00,0.00,- 0.87, 988.98,,
2025.09.26 18:00:00,904,NAS100,sell,in,0.01,24 360.1,904,0.00,0.00,0.00, 988.98,TP_Integrated 3_0,
2025.09.26 19:45:00,905,NAS100,buy,out,0.01,24 468.1,905,0.00,0.00,- 1.08, 987.90,,
2025.09.26 19:45:00,906,NAS100,buy,in,0.01,24 469.3,906,0.00,0.00,0.00, 987.90,TP_Integrated 3_0,
2025.09.29 20:15:00,907,NAS100,sell,out,0.01,24 624.3,907,0.00,- 0.13, 1.55, 989.32,,
2025.09.29 20:15:00,908,NAS100,sell,in,0.01,24 623.0,908,0.00,0.00,0.00, 989.32,TP_Integrated 3_0,
2025.09.29 23:58:58,909,NAS100,buy,out,0.01,24 620.7,909,0.00,0.00, 0.02, 989.34,end of test,
,,,,,,,,0.00,- 3.69,- 6.97, 989.34,,